"","Словарная статья","Жест","Тип жеста","H1 Выбранные пальцы","H1 Сгиб 1","H1 Сгиб 2","H1 Апертура","H1 Ширина","H1 Невыбранные пальцы"
"1","10094--монах--MVI_1267.eaf","монах","Type 1","all","fist","","","",""
"2","10174--грузчик, перевозчик--MVI_1365.eaf","груз","Type 1","1-st","curved","","open","","flexed"
"3","10250--рассказывать--MVI_1463.eaf","рассказывать","Type 1","2-nd","curved","straight","closed-open","","extended"
"4","10265--обстоятельства рождения--MVI_1481.eaf","рождаться","Type 1","all","straight","bent","","pointed",""
"5","10301--необходимый--MVI_1525.eaf","необходимый","Type 1","3-rd","curved","","closed","","extended"
"6","10327--сеть--MVI_1554.eaf","сеть","Type 1","all","straight","","","wide",""
"7","10327--сеть--MVI_1554.eaf","связь","Type 1","1-st","curved","","closed","","extended"
"8","10332--неврология--MVI_1560.eaf","нервы","Type 1","2-nd","curved","straight","closed-open","","extended"
"9","10335--нейрохирургия--MVI_1564.eaf","хирургия","Type 1","1-st/2-nd","straight","","","pointed","flexed"
"10","10365--ночная рубашка--MVI_1607.eaf","ночь","Type 1","all","straight","fist","","wide",""
"11","10367--ночной клуб--MVI_1609.eaf","клуб","Type 1","1-st/2-nd","straight","","","wide","flexed"
"12","10378--кусачки; клещи--MVI_1625.eaf","клещи","Type 1","all","fist","","","",""
"13","10480--возражение--MVI_1766.eaf","возражение","Type 1","1-st","straight","","","","flexed"
"14","10529--предлагать--MVI_1836.eaf","предлагать","Type 1","all","straight","","","pointed",""
"15","10587--только--MVI_1928.eaf","только","Type 1","all","straight","","","pointed",""
"16","10594--открытый источник--MVI_1935.eaf","источник?","Type 1","2-nd","bent","","","","extended"
"17","10596--открытие--MVI_1938.eaf","открытие","Type 1","1-st","curved_around","","","","flexed"
"18","10616--оптик--MVI_1960.eaf","очки","Type 1","1-st","curved","","","","flexed"
"19","10616--оптик--MVI_1960.eaf","","Type 1","1-st","curved_around","","","","flexed"
"20","10769--скорость--MVI_2154.eaf","скорость","Type 1","all","fist","","","",""
"21","10780--подушка, небольшая--MVI_2173.eaf","подушка","Type 1","all","straight","","","pointed",""
"22","10838--книга в мягкой обложке--MVI_2257.eaf","обложка","Type 1","all","straight","","","pointed",""
"23","10838--книга в мягкой обложке--MVI_2257.eaf","мягкий","Type 1","all","straight","bent","open-closed","pointed",""
"24","10874--родительский--MVI_2314.eaf","родитель","Type 1","1-st","straight","","","","flexed"
"25","10917--партнер--MVI_2373.eaf","партнер","Type 1","thumb","straight","","","","flexed"
"26","10922--приглашение на вечеринку--MVI_2379.eaf","открытка","Type 1","1-st","curved","","open","","flexed"
"27","10925--пасхальный агнец--MVI_2383.eaf","пасха","Type 1","1-st","curved","","closed","","extended"
"28","10925--пасхальный агнец--MVI_2383.eaf","баран","Type 1","all","fist","","","",""
"29","10938--паспорт--MVI_2398.eaf","паспорт","Type 1","1-st/2-nd","straight","","","pointed","flexed"
"30","11040--маятник--MVI_2536.eaf","вешать","Type 1","1-st","curved","","","","flexed"
"31","11040--маятник--MVI_2536.eaf","маятник","Type 1","all","curved","","open","pointed",""
"32","11053--пятиборье ; пентатлон--MVI_2551.eaf","бороться","Type 1","1-st","curved","","","","flexed"
"33","11185--пианино--пианино.eaf","пианино","Type 1","all","straight","","","wide",""
"34","11223--паломник--паломник.eaf","паломник","Type 1","all","straight","","","wide",""
"35","11267--место--место.eaf","место","Type 1","all","straight","","","wide",""
"36","11270--заниматься плагиатом--заниматься плагиатом.eaf","красть мысли","Type 1","all","straight","curved","","wide",""
"37","11274--простой--простой.eaf","простой","Type 1","2-nd","curved","straight","closed-open","","extended"
"38","11309--игра--игра.eaf","игра","Type 1","all","bent","","closed","",""
"39","11362--очко--очко.eaf","очко","Type 1","1-st","curved","","closed","","extended"
"40","11379--полиомиелит--полиомиелит.eaf","заразный","Type 1","1-st","curved","","","","flexed"
"41","11379--полиомиелит--полиомиелит.eaf","распространяться","Type 1","all","fist","straight","","wide",""
"42","11380--вежливый--вежливый.eaf","вежливый","Type 1","thumb/4-th","straight","","","","flexed"
"43","11536--предопределение--предопределение.eaf","судьба","Type 1","all","straight","","","pointed",""
"44","11547--беременная--беременная.eaf","беременная","Type 1","all","straight","","","pointed",""
"45","11608--добыча--добыча.eaf","животное","Type 1","all","straight","curved","","wide",""
"46","11608--добыча--добыча.eaf","преследовать","Type 1","1-st","straight","","","","flexed"
"47","11612--уменьшение цены--уменьшение цены.eaf","уменьшение","Type 1","1-st","straight","bent","open-closed","","flexed"
"48","11634--принцип--принцип.eaf","основание?","Type 1","all","straight","","","pointed",""
"49","11758--защита--MVI_3520.eaf","защита","Type 1","all","fist","","","",""
"50","11777--предварительный--MVI_3546.eaf","предварительный","Type 1","1-st","straight","","","","flexed"
"51","11903--контроль за качеством--MVI_3729.eaf","контроль","Type 1","1-st/2-nd","straight","","","wide","flexed"
"52","11910--ссориться--MVI_3738.eaf","ссориться","Type 1","1-st","curved","","","","flexed"
"53","11922--тихий--MVI_3754.eaf","тихий","Type 1","all","bent","","open-closed","pointed",""
"54","11943--шум--MVI_3787.eaf","шум","Type 1","2-nd","curved","","closed","","extended"
"55","11947--решетка радиатора--MVI_3794.eaf","решетка радиатора","Type 1","all","straight","","","wide","flexed"
"56","11981--дождь--MVI_3842.eaf","дождь","Type 1","all","straight","","","wide",""
"57","12005--редко--MVI_3874.eaf","редко","Type 1","1-st","straight","","","","flexed"
"58","12029--читатель--MVI_3907.eaf","читать","Type 1","all","straight","","","pointed",""
"59","12095--отдых--MVI_3999.eaf","отдых","Type 1","all","fist","","","",""
"60","12329--ресторан--MVI_4339.eaf","ресторан","Type 1","1-st/2-nd","straight","","","wide","flexed"
"61","12331--беспокойный--MVI_4341.eaf","беспокоиться","Type 1","all","curved","","open","pointed",""
"62","12333--восстанавливать--MVI_4344.eaf","восстанавливать","Type 1","all","straight","curved","open-closed","wide",""
"63","1234--Я хочу заказать стейк--MVI_1735.eaf","жарить","Type 1","all","bent","","","wide",""
"64","12372--восставать--MVI_4390.eaf","восставать","Type 1","all","fist","","","",""
"65","1242--Я бы хотела покрасить свои волосы--MVI_1749.eaf","покрасить","Type 1","1-st","curved","","closed","","extended"
"66","12442--дорога--MVI_4508.eaf","дорога","Type 1","all","straight","","","pointed",""
"67","12462--робот--MVI_4535.eaf","робот","Type 1","all","straight","","","wide",""
"68","12464--рок-звезда--MVI_4538.eaf","звезда","Type 1","1-st","straight","","","","flexed"
"69","12479--рулон--MVI_4554.eaf","рулон","Type 1","1-st","straight","","","","flexed"
"70","12484--кататься на роликах--MVI_4562.eaf","кататься на роликах","Type 1","1-st","curved","","closed","","extended"
"71","12484--кататься на роликах--MVI_4562.eaf","кататься на коньках","Type 1","1-st/2-nd","straight","","","pointed","flexed"
"72","12545--печать--MVI_4652.eaf","резина","Type 1","1-st/2-nd","curved","","","wide","flexed"
"73","12546--отбросы; мусор--MVI_4653.eaf","мусор","Type 1","3-rd","curved","","closed","","extended"
"74","12557--слух--MVI_4665.eaf","слух","Type 1","2-nd","curved","","closed","","extended"
"75","12557--слух--MVI_4665.eaf","сплетня","Type 1","1-st","curved","","","","flexed"
"76","12569--спешить--MVI_4681.eaf","спешить","Type 1","all","curved","","","wide",""
"77","12578--мешковина--MVI_4694.eaf","ткань","Type 1","1-st","curved","","","","flexed"
"78","12578--мешковина--MVI_4694.eaf","мешок","Type 1","all","straight","fist","open-closed","wide",""
"79","12580--священный--MVI_4696.eaf","священный","Type 1","4-th","fist","straight","","wide",""
"80","12585--грустный--MVI_4705.eaf","грустный","Type 1","all","curved","","","wide",""
"81","12604--святой--MVI_4737.eaf","святой","Type 1","1-st/2-nd/3-rd","straight","","","wide","flexed"
"82","12636--песок--MVI_4785.eaf","песок","Type 1","all","bent","","closed","",""
"83","12686--пугать--MVI_4857.eaf","пугать","Type 1","1-st","straight","","","","flexed"
"84","12710--школа--MVI_4890.eaf","школа","Type 1","1-st","curved","","open","","flexed"
"85","12758--самокат--MVI_4964.eaf","самокат","Type 1","1-st","curved","","","","flexed"
"86","12758--самокат--MVI_4964.eaf","ехать на самокате","Type 1","all","fist","","","",""
"87","12785--текст--MVI_5002.eaf","текст","Type 1","all","fist","straight","","pointed",""
"88","12795--море--MVI_5015.eaf","море","Type 1","all","straight","","","wide",""
"89","12828--секретарь--MVI_5077.eaf","секретарь","Type 1","all","curved","","","wide",""
"90","12936--проповедь--MVI_5235.eaf","проповедь","Type 1","1-st","straight","","","","flexed"
"91","12993--тень--MVI_5335.eaf","тень","Type 1","all","straight","fist","","wide",""
"92","12995--трясти--MVI_5341.eaf","трясти","Type 1","all","curved","","open","pointed",""
"93","13012--овца--MVI_5369.eaf","овца","Type 1","1-st/2-nd","curved","","","wide","flexed"
"94","13052--магазин--MVI_5421.eaf","магазин","Type 1","1-st","curved","","open","","flexed"
"95","13064--короткометражный фильм--MVI_5437.eaf","короткий","Type 1","1-st","straight","","","","flexed"
"96","13064--короткометражный фильм--MVI_5437.eaf","фильм","Type 1","all","straight","","","pointed",""
"97","13141--золотая ставрида--MVI_5553.eaf","золотой","Type 1","1-st","curved","straight","closed-open","","flexed"
"98","13153--грех--MVI_5573.eaf","грех","Type 1","thumb","straight","","","","flexed"
"99","13257--шлепанцы--MVI_5728.eaf","надеть обувь","Type 1","all","straight","","","pointed",""
"100","13257--шлепанцы--MVI_5728.eaf","шлепанцы","Type 1","all","straight","","","pointed",""
"101","13295--снег--MVI_5793.eaf","снег","Type 1","all","straight","","","wide",""
"102","13302--лыжник--MVI_5808.eaf","лыжи","Type 1","all","straight","","","pointed",""
"103","13317--мыльная пена--MVI_5830.eaf","мыло","Type 1","all","bent","","","pointed",""
"104","13317--мыльная пена--MVI_5830.eaf","пена","Type 1","all","curved","","open","wide",""
"105","1337--В поезде есть вагон-ресторан--MVI_1860.eaf","ресторан","Type 1","2-nd","curved","straight","closed-open","","extended"
"106","13406--горе--MVI_5958.eaf","горе","Type 1","all","bent","","","wide",""
"107","1342--Здесь есть большой универмаг--MVI_1865.eaf","большой1","Type 1","all","fist","","","",""
"108","13431--космос--MVI_5988.eaf","космос","Type 1","1-st","curved","","closed","","extended"
"109","13443--сверкать--MVI_6005.eaf","сверкать","Type 1","1-st","straight","","","","flexed"
"110","13520--щепка--MVI_6122.eaf","рубить","Type 1","all","straight","","","pointed",""
"111","13520--щепка--MVI_6122.eaf","щепки","Type 1","1-st","curved","straight","closed-open","","flexed"
"112","13540--спортивная куртка--MVI_6151.eaf","спортивный","Type 1","all","fist","","","",""
"113","13560--весна--MVI_6176.eaf","весна","Type 1","all","straight","bent","open-closed","pointed",""
"114","13568--хвойная древесина--MVI_6187.eaf","елка","Type 1","all","straight","","","wide",""
"115","13568--хвойная древесина--MVI_6187.eaf","древесина","Type 1","all","curved","","open","pointed",""
"116","13581--сжимать--MVI_6206.eaf","сжимать","Type 1","all","fist","","","",""
"117","13601--черствый--MVI_6229.eaf","свежий","Type 1","1-st","curved","","closed","","extended"
"118","1364--Нам это хорошо.--MVI_1881.eaf","хорошо","Type 1","1-st","curved","","closed","","extended"
"119","13651--оставаться--MVI_6305.eaf","оставаться","Type 1","all","straight","","","pointed",""
"120","13656--равномерный--MVI_6310.eaf","постоянно 2","Type 1","3-rd","curved","","closed","","extended"
"121","13656--равномерный--MVI_6310.eaf","равномерно?","Type 1","all","straight","","","pointed",""
"122","13722--камень--MVI_6397.eaf","камень","Type 1","all","fist","","","",""
"123","13779--стянуть; стяжка--MVI_6470.eaf","стягивать, стяжка","Type 1","all","fist","","","",""
"124","13788--снимать (покрытие)--MVI_6482.eaf","снимать","Type 1","all","bent","","","pointed",""
"125","13801--студент--MVI_6514.eaf","студент, университет","Type 1","1-st","curved","","open","","flexed"
"126","13812--аудитория для домашних заданий--MVI_6538.eaf","домашнее задание","Type 1","1-st","straight","","","","flexed"
"127","13817--ознакомительный визит--MVI_6545.eaf","производство","Type 1","1-st/2-nd","curved","","","pointed","flexed"
"128","13860--неожиданный--MVI_6605.eaf","неожиданный","Type 1","2-nd","curved","straight","closed-open","","extended"
"129","13879--краткое изложение--MVI_6628.eaf","выбирать","Type 1","1-st","curved","","open-closed","","extended"
"130","13927--подавлять--MVI_6724.eaf","подавлять","Type 1","all","straight","bent","open-closed","wide",""
"131","13949--удивительный--MVI_6773.eaf","удивительный","Type 1","thumb/4-th","straight","","","","flexed"
"132","14007--качели--MVI_6862.eaf","качели","Type 1","all","fist","","","",""
"133","14013--вернуться обратно--MVI_6876.eaf","обратно","Type 1","1-st","straight","","","","flexed"
"134","14040--дарохранительница--MVI_6939.eaf","ценный, качественный","Type 1","all","bent","","closed","",""
"135","14041--стол--MVI_6940.eaf","стол","Type 1","1-st/4-th","straight","","","","flexed"
"136","14045--скатерть--MVI_6948.eaf","стелить скатерть","Type 1","all","bent","","closed","",""
"137","14064--заботиться--MVI_6976.eaf","забота","Type 1","all","curved","","open","wide",""
"138","14070--разговор--MVI_6993.eaf","разговор","Type 1","1-st","curved","","closed","","extended"
"139","14114--учитель--MVI_7063.eaf","учить","Type 1","1-st/2-nd","bent","","closed","","flexed"
"140","14156--соблазнять--MVI_7129.eaf","привлекать","Type 1","all","bent","","","wide",""
"141","14156--соблазнять--MVI_7129.eaf","соблазнять","Type 1","all","straight","","","wide",""
"142","14307--билет--MVI_7368.eaf","билет","Type 1","1-st","curved","","open","","flexed"
"143","14338--фольга--MVI_7414.eaf","фольга?","Type 1","1-st","curved","","closed","","extended"
"144","14338--фольга--MVI_7414.eaf","сверкать","Type 1","all","straight","","","wide",""
"145","14362--сегодня--MVI_7445.eaf","сегодня","Type 1","all","bent","","","pointed",""
"146","14367--одновременно--MVI_7452.eaf","одновременно","Type 1","all","straight","curved","open-closed","wide",""
"147","14369--вкалывать--MVI_7459.eaf","вкалывать 1 слог","Type 1","all","straight","fist","","wide",""
"148","14369--вкалывать--MVI_7459.eaf","вкалывать 2 слог","Type 1","all","fist","straight","","wide",""
"149","14413--мучить, издеваться--MVI_7537.eaf","мучить","Type 1","1-st","straight","","","","flexed"
"150","14493--переводить--MVI_7668.eaf","переводить","Type 1","1-st","straight","","","","flexed"
"151","14500--транспорт--MVI_7678.eaf","транспорт","Type 1","1-st","curved","","closed","","extended"
"152","14517--относиться--MVI_7711.eaf","относиться","Type 1","all","straight","","","pointed",""
"153","14531--огромный--MVI_7729.eaf","огромный","Type 1","all","straight","","","wide",""
"154","14655--недвусмысленный--MVI_7943.eaf","ясный","Type 1","all","straight","","","wide",""
"155","14710--разгрузить--MVI_8048.eaf","разгружать","Type 1","all","fist","straight","","wide",""
"156","14760--обычно--MVI_8138.eaf","обычно","Type 1","1-st","straight","","","","flexed"
"157","14778--ценный--MVI_8170.eaf","ценный","Type 1","all","curved","straight","closed-open","wide",""
"158","14795--разнообразие--MVI_8202.eaf","разный","Type 1","all","straight","","","wide",""
"159","14810--овощной суп--MVI_8236.eaf","овощи","Type 1","all","curved","","open","wide",""
"160","14835--сосуд--MVI_8277.eaf","стекло","Type 1","2-nd","curved","","closed-open","","extended"
"161","1484--Отпусти сцепление--MVI_2003.eaf","сцепление","Type 1","all","straight","","","wide",""
"162","14849--преступление без жертв--MVI_8300.eaf","жертва","Type 1","3-rd","curved","","closed","","extended"
"163","14859--видеодиспетчерская служба--MVI_8322.eaf","обслуживать","Type 1","thumb/4-th","straight","","","","flexed"
"164","14866--зритель--MVI_8334.eaf","зрители","Type 1","all","straight","","","wide",""
"165","149--всё--M (232).eaf","все","Type 1","all","straight","curved","open-closed","wide",""
"166","149--всё--M (232).eaf","закончить","Type 1","1-st/2-nd","straight","","","pointed","flexed"
"167","14917--волейбол--MVI_8409.eaf","волейбол","Type 1","all","straight","","","wide",""
"168","14951--просыпаться--MVI_8470.eaf","проснуться","Type 1","1-st","bent","straight","closed-open","","flexed"
"169","14979--умыть руки--MVI_8512.eaf","мыть руки","Type 1","all","curved","","","pointed",""
"170","14980--жидкость стеклоомывателя--MVI_8515.eaf","стеклоомыватели","Type 1","all","fist","straight","","wide",""
"171","15033--сайт--MVI_8602.eaf","сайт","Type 1","all","fist","straight","","wide",""
"172","15043--свадебная клятва--MVI_8614.eaf","свадьба","Type 1","1-st","curved_around","","","","flexed"
"173","15043--свадебная клятва--MVI_8614.eaf","клятва","Type 1","1-st/2-nd","straight","bent","open-closed","wide","flexed"
"174","15082--кресло-коляска--MVI_8694.eaf","кресло-каталка","Type 1","1-st","straight","","","","flexed"
"175","15087--какой--MVI_8707.eaf","какой","Type 1","all","straight","","","pointed",""
"176","15167--зима--MVI_8862.eaf","зима","Type 1","all","fist","","","",""
"177","15225--рабочая скамейка--MVI_8982.eaf","рубанок","Type 1","all","fist","","","",""
"178","15258--венок--MVI_9038.eaf","венок","Type 1","1-st/2-nd/3-rd","fist","straight","","wide","flexed"
"179","15291--дрожжи--MVI_9106.eaf","дрожжи","Type 1","all","curved","","open","wide",""
"180","15324--сжать--MVI_9170.eaf","сжать","Type 1","all","straight","fist","","wide",""
"181","1566--Можно у тебя одолжить машину--MVI_2101.eaf","можно1","Type 1","all","fist","","","",""
"182","1569--Можно я задерну шторы--MVI_2104.eaf","можно2","Type 1","1-st","curved","","closed","","extended"
"183","1755--время после 12 часов дня--MVI_2343.eaf","после","Type 1","all","straight","bent","","pointed",""
"184","1845--протестант--MVI_2454.eaf","протестант","Type 1","1-st","curved","","open","","flexed"
"185","1872--Запомни!--Запомни!_MOV_Output_919.eaf","запомнить","Type 1","all","fist","","","",""
"186","1881--вышивка ришелье--вышивка ришелье_3g2_Output_874.eaf","вышивать","Type 1","1-st","curved","","open-closed","","extended"
"187","2085--ТВ--MVI_0338_3g2_Output_54.eaf","телевизор","Type 1","1-st/4-th","straight","","","","flexed"
"188","2095--Пожалуйста, возьми меня туда.--MVI_0351_converted_3g2_Output_66.eaf","пожалуйста","Type 1","all","straight","","","pointed",""
"189","2095--Пожалуйста, возьми меня туда.--MVI_0351_converted_3g2_Output_66.eaf","взять","Type 1","all","curved","fist","","wide",""
"190","2193--Такого жеста нет, вам придется продактилировать.--MVI_0452_converted_3g2_Output_150.eaf","жест","Type 1","all","straight","","","wide",""
"191","2194--В прошлом году было наводнение.--MVI_0454.eaf","наводнение","Type 1","all","straight","","","wide",""
"192","2203--Потрясающе!--MVI_0477_converted_3g2_Output_172.eaf","потрясающе","Type 1","all","fist","","","",""
"193","2322--Что за вздор!--MVI_0645_converted_3g2_Output_294.eaf","вздор","Type 1","all","fist","","","",""
"194","2340--Как ты считаешь--MVI_0671_converted_3g2_Output_311.eaf","","Type 1","1-st/2-nd","straight","bent","open-closed","wide","flexed"
"195","2362--Какой соус вы хотите к салату--MVI_0696_converted_3g2_Output_333.eaf","салат","Type 1","all","curved","","","wide",""
"196","2379--Как называется эта улица--MVI_0720_converted_3g2_Output_349.eaf","название","Type 1","1-st/2-nd","straight","curved","","wide","flexed"
"197","2393--У меня куртка села после химчистки.--MVI_0740_converted_3g2_Output_364.eaf","куртка","Type 1","1-st","curved_around","","","","flexed"
"198","2393--У меня куртка села после химчистки.--MVI_0740_converted_3g2_Output_364.eaf","забрать","Type 1","all","bent","","open-closed","wide",""
"199","2393--У меня куртка села после химчистки.--MVI_0740_converted_3g2_Output_364.eaf","надеть","Type 1","all","fist","","","",""
"200","2393--У меня куртка села после химчистки.--MVI_0740_converted_3g2_Output_364.eaf","тесный","Type 1","all","curved","","","wide",""
"201","2397--Когда он открывается--MVI_0745_converted_3g2_Output_368.eaf","открываться","Type 1","all","bent","straight","","pointed",""
"202","2509--Заполните бланк, пожалуйста!--MVI_0896_3g2_Output_473.eaf","страница","Type 1","1-st","straight","","","","flexed"
"203","2509--Заполните бланк, пожалуйста!--MVI_0896_3g2_Output_473.eaf","заполнить","Type 1","all","bent","","closed","",""
"204","2660--оборудование--MVI_1122_3g2_Output_619.eaf","оборудование","Type 1","all","bent","","closed","",""
"205","2669--сопровождать--MVI_1132_3g2_Output_629.eaf","сопровождать","Type 1","1-st","straight","","","","flexed"
"206","2692--прыщ; угри--MVI_1163_3g2_Output_652.eaf","прыщи","Type 1","1-st","straight","","","","flexed"
"207","2703--акробатика--MVI_1177_3g2_Output_662.eaf","атлетика","Type 1","all","bent","","","pointed",""
"208","2723--деятельность--MVI_1201_3g2_Output_682.eaf","деятельность","Type 1","all","straight","","","wide",""
"209","2731--на самом деле--MVI_1211_3g2_Output_690.eaf","настоящий, подлинный","Type 1","1-st","straight","","","","flexed"
"210","2751--зависимый, приверженный--MVI_1231_3g2_Output_702.eaf","зависимый?","Type 1","2-nd","straight","bent","open-closed","","extended"
"211","2751--зависимый, приверженный--MVI_1231_3g2_Output_702.eaf","наивный?","Type 1","1-st/2-nd","straight","bent","","pointed","flexed"
"212","2764--смежные углы.eaf","угол","Type 1","1-st","straight","","","","flexed"
"213","2764--смежные углы.eaf","вместе","Type 1","all","straight","bent","open-closed","wide",""
"214","2820--реклама.eaf","реклама","Type 1","2-nd","curved","straight","closed-open","","extended"
"215","2824--консультант, советчик.eaf","советовать","Type 1","1-st","curved","","closed","","extended"
"216","2836--влиять на.eaf","влиять","Type 1","all","bent","fist","closed","",""
"217","2881--помощь.eaf","помощь","Type 1","all","straight","","","pointed",""
"218","2885--страусиные перья.eaf","страус","Type 1","all","fist","straight","","wide","flexed"
"219","2892--воздушный фильтр.eaf","воздух","Type 1","all","straight","","","pointed",""
"220","2892--воздушный фильтр.eaf","фильтр","Type 1","all","straight","","","wide",""
"221","2895--кондиционирование.eaf","кондиционер","Type 1","all","bent","","","pointed",""
"222","2895--кондиционирование.eaf","переключать","Type 1","1-st/2-nd","straight","","","wide","flexed"
"223","2896--осущитель воздуха.eaf","сухой","Type 1","all","fist","","","",""
"224","2896--осущитель воздуха.eaf","менять","Type 1","1-st","straight","","","","flexed"
"225","2946--алименты после развода.eaf","развод","Type 1","thumb","straight","","","","flexed"
"226","2968--размещать.eaf","размещать","Type 1","all","straight","bent","open-closed","wide",""
"227","2989--уже.eaf","уже","Type 1","all","straight","","","wide",""
"228","2992--изменять.eaf","изменять","Type 1","1-st/2-nd","straight","","","wide","flexed"
"229","3065--анализировать.eaf","результат?","Type 1","all","straight","curved","open-closed","wide",""
"230","3114--объявлять.eaf","объявлять","Type 1","1-st","straight","curved","","","flexed"
"231","3172--апатия безразличие; вялость--апатия безразличие; вялость.eaf","апатия, вялость","Type 1","all","straight","","","wide",""
"232","3183--аппарат--аппарат.eaf","кубический, коробка","Type 1","all","straight","","","pointed",""
"233","3195--аплодировать--аплодировать.eaf","аплодировать","Type 1","all","straight","","","wide",""
"234","3214--назначенное время--назначенное время.eaf","назначить","Type 1","1-st","straight","","","","flexed"
"235","3226--одобрять--одобрять.eaf","одобрить","Type 1","thumb/1-st","straight","","","","flexed"
"236","3228--приблизительный--приблизительный.eaf","","Type 1","1-st","curved","","closed","","extended"
"237","3251--лучник--лучник.eaf","стрелять из лука","Type 1","1-st","curved_around","","closed-open","","flexed"
"238","3256--архитектура--архитектура.eaf","архитектура","Type 1","1-st","curved","","closed","","extended"
"239","3286--арестовывать--арестовывать.eaf","арестовывать","Type 1","1-st","straight","","","","flexed"
"240","3296--искусство--искусство.eaf","искусство","Type 1","1-st","curved","","closed","","extended"
"241","3319--искусственное изменение ландшафта--искусственное изменение ландшафта.eaf","лес, деревья","Type 1","all","bent","","","wide",""
"242","3319--искусственное изменение ландшафта--искусственное изменение ландшафта.eaf","цветы","Type 1","all","curved","","closed-open","wide",""
"243","3319--искусственное изменение ландшафта--искусственное изменение ландшафта.eaf","сажать","Type 1","all","bent","","closed","",""
"244","3324--артист--артист.eaf","артист","Type 1","2-nd","bent","","","","extended"
"245","3330--управление искусством--управление искусством.eaf","управлять","Type 1","thumb/1-st/2-nd","straight","","","wide","flexed"
"246","3331--совет по культуре--совет по культуре.eaf","советоваться?","Type 1","1-st","straight","","","","flexed"
"247","3331--совет по культуре--совет по культуре.eaf","собрание","Type 1","all","straight","","","wide",""
"248","3331--совет по культуре--совет по культуре.eaf","культура?","Type 1","2-nd","curved","straight","closed-open","","extended"
"249","3373--ассимиляция--ассимиляция.eaf","ассимиляция","Type 1","all","straight","","","wide",""
"250","339--буддизм--MVI_0726c.eaf","буддизм","Type 1","2-nd","curved","","closed","","extended"
"251","3423--атомная единица массы--атомная единица массы.eaf","атом","Type 1","1-st","curved","","closed","","extended"
"252","3423--атомная единица массы--атомная единица массы.eaf","масса","Type 1","all","straight","","","pointed",""
"253","3434--нападать--нападать.eaf","нападать","Type 1","all","straight","","","wide",""
"254","3447--привлекательность--привлекательность.eaf","привлекать","Type 1","all","bent","","","wide",""
"255","3453--аудитория--аудитория.eaf","аудитория","Type 1","all","straight","","","wide",""
"256","3475--авторская скидка--авторская скидка.eaf","скидка","Type 1","1-st","straight","bent","open-closed","","flexed"
"257","3493--автоматический--автоматический.eaf","автоматический","Type 1","1-st","straight","","","","flexed"
"258","3497--автономный--автономный.eaf","изолированный, замкнутый","Type 1","all","straight","","","pointed",""
"259","3518--избегать--избегать.eaf","избегать","Type 1","1-st/2-nd","curved","","","wide","flexed"
"260","3610--пароварка--пароварка.eaf","готовить","Type 1","1-st/2-nd","straight","","","wide","flexed"
"261","3610--пароварка--пароварка.eaf","пар","Type 1","all","straight","","","wide",""
"262","3640--балет--балет (2).eaf","балет","Type 1","all","straight","","","pointed",""
"263","3667--барбекю--барбекю.eaf","барбекю","Type 1","all","straight","","","pointed","flexed"
"264","3736--ванная комната--ванная комната.eaf","мыться","Type 1","all","straight","","","wide",""
"265","3765--пляжное полотенце--.eaf","полотенце","Type 1","all","straight","","","pointed",""
"266","3795--кроватка--.eaf","кровать","Type 1","2-nd/3-rd","bent","","","pointed","extended"
"267","3797--поручни кровати--.eaf","поручни","Type 1","all","fist","","","",""
"268","3804--мясо говяжье--.eaf","корова","Type 1","thumb/4-th","straight","","","","flexed"
"269","3835--принадлежать--.eaf","принадлежать","Type 1","all","straight","","","pointed",""
"270","3837--ниже--.eaf","ниже","Type 1","all","straight","","","pointed",""
"271","3852--рядом--.eaf","рядом","Type 1","thumb","straight","","","","flexed"
"272","3863--обручиться--.eaf","","Type 1","1-st/2-nd","straight","bent","open-closed","wide","flexed"
"273","3884--большой--.eaf","большой2","Type 1","all","straight","","","wide",""
"274","3966--черная смородина--черная смородина.eaf","ягоды","Type 1","1-st","curved_around","","open-closed","","flexed"
"275","4103--талон для обмена на книгу--талон для обмена на книгу.eaf","обменять","Type 1","thumb","straight","","","","flexed"
"276","4103--талон для обмена на книгу--талон для обмена на книгу.eaf","книга","Type 1","all","straight","","","pointed",""
"277","4179--коса--коса (2).eaf","коса","Type 1","1-st","curved_around","","","","flexed"
"278","4231--кирпич--кирпич.eaf","кирпич","Type 1","1-st","curved","","open","","flexed"
"279","4247--приносить--приносить.eaf","приносить2","Type 1","all","straight","","","pointed",""
"280","4255--брошюра--брошюра.eaf","страница?2","Type 1","1-st","curved","","closed","","extended"
"281","4280--брюнетка; темноволосая женщина--брюнетка; темноволосая женщина.eaf","темный","Type 1","all","straight","curved","","wide",""
"282","4280--брюнетка; темноволосая женщина--брюнетка; темноволосая женщина.eaf","волосы","Type 1","all","straight","","","wide/pointed",""
"283","4300--строить--строить.eaf","строить","Type 1","1-st/2-nd","straight","","","pointed","flexed"
"284","4306--строительный контракт--строительный контракт.eaf","контракт","Type 1","1-st/2-nd","bent","","closed","","flexed"
"285","4347--грабитель--грабитель.eaf","преступление","Type 1","1-st/2-nd","fist","straight","","wide","flexed"
"286","4347--грабитель--грабитель.eaf","грабить","Type 1","all","fist","","","",""
"287","4366--куст--куст.eaf","куст","Type 1","all","straight","","","wide",""
"288","4403--капуста--капуста.eaf","капуста","Type 1","all","straight","","","wide",""
"289","4423--считать--считать.eaf","математика","Type 1","all","straight","","","wide",""
"290","4423--считать--считать.eaf","считать","Type 1","all","straight","fist","","wide",""
"291","4427--календула--календула.eaf","желтый","Type 1","thumb/4-th","straight","","","","flexed"
"292","4441--успокоившийся--успокоившийся.eaf","успокаиваться","Type 1","all","straight","bent","open-closed","wide",""
"293","4441--успокоившийся--успокоившийся.eaf","спокойный","Type 1","thumb","straight","","","","flexed"
"294","4580--разделывать--.eaf","резать","Type 1","all","straight","","","pointed",""
"295","4584--упакованный--упакованный.eaf","упаковывать","Type 1","all","straight","","","pointed",""
"296","4633--праздновать--праздновать.eaf","праздновать","Type 1","2-nd","curved","straight","closed-open","","extended"
"297","4691--правило цепи--правило цепи.eaf","правило","Type 1","1-st/2-nd","straight","","","pointed","flexed"
"298","4691--правило цепи--правило цепи.eaf","цепь","Type 1","1-st","curved","","closed","","extended"
"299","4746--шашки--шашки.eaf","шашки","Type 1","1-st","curved","","closed","","extended"
"300","4840--шоколадная выпечка--шоколадная выпечка.eaf","выпечка","Type 1","all","straight","","","pointed",""
"301","4889--обстоятельства--обстоятельства.eaf","обстоятельства","Type 1","all","straight","","","pointed",""
"302","4921--пластилин--пластилин.eaf","пластелин","Type 1","all","straight","bent","open-closed","wide",""
"303","4928--чистота--чистота.eaf","сверкать 1 слог","Type 1","1-st","straight","","","","flexed"
"304","4928--чистота--чистота.eaf","сверкать 2 слог","Type 1","all","straight","","","wide",""
"305","4998--неловкий неуклюжий--неловкий неуклюжий.eaf","неловкий 2 слог","Type 1","all","straight","","","wide",""
"306","5039--кофе-брейк--.eaf","отдых","Type 1","all","straight","bent","","pointed",""
"307","5060--дуршлаг--дуршлаг.eaf","дуршлаг","Type 1","all","curved","","","wide",""
"308","5095--цветовая слепота--цветовая слепота.eaf","различать","Type 1","1-st","straight","","","","flexed"
"309","5146--комитет--.eaf","организация?","Type 1","1-st","straight","","","","flexed"
"310","5146--комитет--.eaf","группа","Type 1","all","curved","","open","pointed",""
"311","5174--сравнительный--сравнительный.eaf","сравнивать","Type 1","all","bent","","","pointed",""
"312","5208--сложный--сложный.eaf","сложный","Type 1","1-st","curved","","closed","","extended"
"313","5220--компостная яма--компостная яма.eaf","яма","Type 1","all","curved","","","pointed",""
"314","5220--компостная яма--компостная яма.eaf","отбросы","Type 1","1-st","fist","straight","closed-open","","flexed"
"315","524--Ты принес десерт--MVI_0896.eaf","приносить","Type 1","1-st","curved_around","","","","flexed"
"316","5257--концентрироваться--концентрироваться.eaf","сосредоточиться","Type 1","all","straight","","","pointed",""
"317","5299--исповедь--исповедь.eaf","исповедь?","Type 1","all","bent","straight","","pointed",""
"318","5299--исповедь--исповедь.eaf","честный","Type 1","1-st/2-nd","bent","","closed","","flexed"
"319","5318--поздравления--поздравления.eaf","поздравлять, здороваться","Type 1","all","bent","","","pointed",""
"320","5325--хвойные леса--хвойные леса.eaf","хвойный","Type 1","1-st","straight","","","","flexed"
"321","5349--утешение--утешение.eaf","утешать, успокаивать","Type 1","all","straight","bent","open-closed","wide",""
"322","5352--согласный--согласный.eaf","соглашаться","Type 1","thumb/1-st","straight","","","","flexed"
"323","5399--курсы повышения квалификации--курсы повышения квалификации.eaf","квалификация, специальность","Type 1","1-st/2-nd","fist","straight","","wide","flexed"
"324","5418--противоречивый--противоречивый.eaf","противоречие","Type 1","1-st","straight","","","","flexed"
"325","5428--разговаривать--разговаривать.eaf","разговаривать","Type 1","1-st","straight","","","","flexed"
"326","5433--осуждать--2.eaf","судить","Type 1","1-st","curved","","closed","","extended"
"327","5475--кукуруза--кукуруза.eaf","кукуруза","Type 1","1-st","straight","","","","flexed"
"328","5499--совпадение--совпадение.eaf","совпадение","Type 1","1-st","straight","","","","flexed"
"329","5506--косметический--косметический.eaf","косметика","Type 1","2-nd","bent","","","","extended"
"330","5513--костюмы--костюмы.eaf","костюм","Type 1","1-st/4-th","straight","","","","flexed"
"331","5537--подделка--подделка.eaf","подделка","Type 1","all","straight","bent","open-closed","wide",""
"332","5569--рабочий комбинезон--рабочий комбинезон.eaf","камбинезон","Type 1","1-st/2-nd","straight","bent","open-closed","wide","flexed"
"333","5571--жадность--жадность.eaf","жадность","Type 1","all","curved","fist","open-closed","wide",""
"334","5573--коровье молоко--коровье молоко.eaf","молоко","Type 1","1-st","straight","bent","open-closed","","flexed"
"335","5575--трусливо--трусливо.eaf","трусливо","Type 1","1-st","curved","","closed","","extended"
"336","5592--авария--авария.eaf","столкнуться","Type 1","all","fist","","","",""
"337","5592--авария--авария.eaf","несчастный случай","Type 1","3-rd","curved","","closed","","extended"
"338","5630--инвалид, калека--инвалид, калека.eaf","инвалид","Type 1","all","straight","","","pointed",""
"339","5692--круизное судно--круизное судно.eaf","корабль","Type 1","all","straight","","","pointed",""
"340","5693--крошка хлеба--крошка хлеба.eaf","крошка","Type 1","1-st","curved","","closed","","flexed"
"341","5765--таможня--таможня.eaf","таможня","Type 1","1-st/2-nd","straight","","","pointed","flexed"
"342","5774--столовые приборы--столовые приборы.eaf","столовые приборы","Type 1","1-st/2-nd","straight","","","wide","flexed"
"343","5782--постоянно--постоянно.eaf","постоянно","Type 1","1-st","straight","","","","flexed"
"344","5807--влажный; сырой--влажный; сырой.eaf","влажный","Type 1","2-nd","curved","","open-closed","","extended"
"345","5808--танцевать--танцевать.eaf","танцевать","Type 1","1-st/2-nd","straight","","","wide","flexed"
"346","5847--день--день.eaf","день","Type 1","all","straight","curved","open-closed","wide",""
"347","5859--смертельный--смертельный.eaf","опасный","Type 1","1-st/2-nd","fist","straight","","wide","flexed"
"348","5895--опавший о листьях--.eaf","опадать, падать","Type 1","all","straight","","","wide",""
"349","5930--глубоко--глубоко.eaf","поглощенный мыслями?","Type 1","all","curved","","open","wide",""
"350","5955--деформация--деформация.eaf","форма","Type 1","thumb","straight","","","","flexed"
"351","5957--деградировавший--деградировавший.eaf","деградация","Type 1","1-st","straight","","","","flexed"
"352","5968--задерживать--задерживать.eaf","задерживать","Type 1","all","fist","","","",""
"353","5974--утонченность--утонченность.eaf","тонкий","Type 1","1-st","curved","","closed","","extended"
"354","5982--избавление--избавление.eaf","избавление","Type 1","all","fist","","","",""
"355","6006--густой; плотный--густой; плотный.eaf","густой, плотный","Type 1","all","fist","","","",""
"356","6023--медикаментозно зависимый--медикаментозно зависимый.eaf","лекарства","Type 1","1-st","curved","","closed","","extended"
"357","6029--порочность, безнравственность--порочность, безнравственность.eaf","порочность","Type 1","1-st/4-th","straight","","","","flexed"
"358","6039--заместитель--заместитель.eaf","заместитель","Type 1","all","straight","","","pointed",""
"359","6048--описание--описание.eaf","описать","Type 1","1-st","curved","","closed-open","","extended"
"360","6051--заслуживать--заслуживать.eaf","уважение","Type 1","thumb/4-th","straight","","","","flexed"
"361","6119--изобретать--изобретать.eaf","изобретать","Type 1","1-st","straight","","","","flexed"
"362","6119--изобретать--изобретать.eaf","создать","Type 1","1-st","straight","","","","flexed"
"363","6160--отличаться--отличаться.eaf","отличаться","Type 1","1-st","straight","","","","flexed"
"364","6176--органы пищеварения--органы пищеварения.eaf","тело","Type 1","all","bent","","","pointed",""
"365","6192--старательность--старательность.eaf","старательность","Type 1","all","fist","","","",""
"366","6236--исчезать--исчезать.eaf","исчезать","Type 1","all","bent","fist","closed","",""
"367","6246--дисциплина--дисциплина.eaf","порядок","Type 1","all","straight","","","pointed",""
"368","6257--открытие--открытие.eaf","открытие","Type 1","1-st","straight","","","","flexed"
"369","6274--отвратительный--отвратительный.eaf","отвартительный","Type 1","2-nd","bent","","","","extended"
"370","6321--искажение--искажение.eaf","путаться","Type 1","all","straight","","","pointed",""
"371","6408--осёл--осёл.eaf","осел","Type 1","all","straight","","","pointed",""
"372","6451--чертежник--чертежник.eaf","чертить","Type 1","1-st","curved","","closed","","extended"
"373","6477--дизайнер одежды--дизайнер одежды.eaf","одежда","Type 1","1-st","curved_around","","","","flexed"
"374","6526--барабан--барабан.eaf","барабан","Type 1","1-st","curved_around","","","","flexed"
"375","6528--дирижер военным оркестром--дирижер военным оркестром.eaf","музыка","Type 1","1-st","curved","","closed","","extended"
"376","6528--дирижер военным оркестром--дирижер военным оркестром.eaf","военный","Type 1","1-st","curved","","open","","flexed"
"377","6552--избавляться от ненужного--.eaf","ненужное?","Type 1","1-st","curved","","closed","","extended"
"378","6552--избавляться от ненужного--.eaf","избавляться","Type 1","2-nd","curved","straight","closed-open","","extended"
"379","6585--электронная почта--электронная почта.eaf","электронная почта","Type 1","all","curved","","closed-open","wide",""
"380","6623--бурление; кипение--бурление; кипение.eaf","кипеть","Type 1","all","bent","","","wide",""
"381","6779--пяльца--пяльца.eaf","натягивать","Type 1","all","fist","","","",""
"382","6779--пяльца--пяльца.eaf","вышивать2","Type 1","1-st","curved","","closed","","extended"
"383","6790--эмигранты--эмигранты.eaf","","Type 1","all","straight","bent","open-closed","wide",""
"384","6816--влюбленный--влюбленный.eaf","влюбленный","Type 1","all","straight","curved","","wide",""
"385","6844--двигатель--двигатель.eaf","двигатель","Type 1","all","fist","","","",""
"386","6900--равенство--равенство.eaf","равенство","Type 1","all","straight","","","pointed","flexed"
"387","6953--Етернет (Ethernet)--Етернет (Ethernet).eaf","интернет","Type 1","2-nd","bent","","","","extended"
"388","7004--экзамен--MVI_6842.eaf","экзамен","Type 1","all","straight","bent","open-closed","wide",""
"389","7010--экскаватор--MVI_6849.eaf","эскаватор","Type 1","all","straight","curved","","wide",""
"390","7011--преувеличивать--MVI_6850.eaf","преувеличивать","Type 1","thumb/1-st","straight","","","","flexed"
"391","7021--возбужденный--MVI_6862.eaf","возбужденный","Type 1","all","straight","","","wide",""
"392","7052--утомление--MVI_6903.eaf","устать, усталость","Type 1","all","straight","","","wide",""
"393","7055--выставочный стенд--MVI_6906.eaf","выставка","Type 1","all","straight","","","pointed",""
"394","7160--фея--MVI_7035.eaf","магия","Type 1","all","straight","bent","open-closed","wide",""
"395","7201--сельскохозяйственный рабочий--MVI_7081.eaf","сельское хозяйство","Type 1","all","straight","","","wide",""
"396","7208--пукать--MVI_7091.eaf","пукать","Type 1","all","fist","","","",""
"397","7223--толстый--MVI_7109.eaf","толстый","Type 1","all","straight","","","wide",""
"398","7231--слабость--MVI_7119.eaf","слабость","Type 1","all","straight","","","wide",""
"399","7299--жених--MVI_7210.eaf","жених, невеста","Type 1","thumb/4-th","straight","","","","flexed"
"400","7313--практика--MVI_7227.eaf","практика","Type 1","all","straight","","","pointed",""
"401","7349--конец--MVI_7274.eaf","конец","Type 1","all","straight","","","pointed",""
"402","7422--подходить--MVI_7373.eaf","подходящий","Type 1","1-st","straight","","","","flexed"
"403","7511--жидкость--MVI_7509.eaf","жидкость","Type 1","all","straight","","","wide",""
"404","7514--флейта--MVI_7513.eaf","флейта","Type 1","all","bent","","","pointed",""
"405","7556--футболист--MVI_7561.eaf","футбол","Type 1","1-st","straight","","","","flexed"
"406","7558--стебель--MVI_7563.eaf","трава","Type 1","all","straight","","","wide",""
"407","7558--стебель--MVI_7563.eaf","стебель","Type 1","1-st","curved","","closed","","extended"
"408","7650--свободный--MVI_7678.eaf","свободный","Type 1","1-st","curved","","closed","","extended"
"409","7694--испуг--MVI_7739.eaf","испуг","Type 1","1-st","curved","","closed","","extended"
"410","7746--мебель--MVI_7803.eaf","мебель","Type 1","all","bent","","closed","",""
"411","7828--генерал--MVI_7907.eaf","генерал","Type 1","1-st","curved","","open","","flexed"
"412","7831--общий наркоз--MVI_7910.eaf","общий","Type 1","all","straight","curved","open-closed","wide",""
"413","7841--поколение--MVI_7921.eaf","поколение","Type 1","1-st","straight","","","","flexed"
"414","7879--отъезд--MVI_7970.eaf","отъезд","Type 1","1-st","straight","bent","open-closed","","flexed"
"415","7949--идти--MVI_8066.eaf","идти","Type 1","all","curved","","","pointed",""
"416","8006--грант правительства--MVI_8140.eaf","правительство","Type 1","1-st/2-nd/3-rd","straight","","","wide","flexed"
"417","8010--схватить--MVI_8143.eaf","схватить","Type 1","all","straight","fist","","wide",""
"418","8082--жадность--MVI_8234.eaf","жадность2","Type 1","1-st","curved","","open","","flexed"
"419","8082--жадность--MVI_8234.eaf","жадность3","Type 1","all","fist","","","",""
"420","8095--серый--MVI_8253.eaf","серый","Type 1","all","straight","","","wide",""
"421","8108--стонать--MVI_8274.eaf","стонать, кричать","Type 1","1-st","curved","","open","","flexed"
"422","8126--ворчать--MVI_8295.eaf","ворчать","Type 1","1-st/2-nd","bent","","open-closed","pointed","flexed"
"423","8139--направлять, сопровождать--MVI_8318.eaf","сопровождать2","Type 1","1-st","straight","","","","flexed"
"424","8139--направлять, сопровождать--MVI_8318.eaf","сопровождать3","Type 1","thumb","straight","","","","flexed"
"425","8151--ружье--MVI_8334.eaf","ружье","Type 1","1-st","straight","curved","","","flexed"
"426","819--У вас есть машина--MVI_1248.eaf","машина","Type 1","all","fist","","","",""
"427","822--У вас нет мелочи--MVI_1251.eaf","мелочь","Type 1","1-st","curved","","closed","","extended"
"428","8261--счастливый--MVI_8485.eaf","счастливый","Type 1","1-st/2-nd","straight","bent","open-closed","wide","flexed"
"429","8332--наушники--MVI_8574.eaf","наушники","Type 1","1-st","bent","","closed","","extended"
"430","8337--здоровье--MVI_8581.eaf","здоровье","Type 1","all","straight","fist","","wide",""
"431","8419--наследие--MVI_8719.eaf","следующий?","Type 1","1-st","straight","","","","flexed"
"432","8419--наследие--MVI_8719.eaf","наследство?","Type 1","1-st","curved_around","","","","flexed"
"433","843--Он любит кататься на велосипеде--MVI_1278.eaf","увоекаться","Type 1","all","straight","","","wide",""
"434","843--Он любит кататься на велосипеде--MVI_1278.eaf","ехать на велосипеде","Type 1","all","straight","","","pointed",""
"435","8458--хиджаб--MVI_8775.eaf","хиджаб","Type 1","all","curved","","open","pointed",""
"436","8458--хиджаб--MVI_8775.eaf","ислам","Type 1","all","straight","","","pointed",""
"437","8521--бездомный человек--MVI_8854.eaf","нет, не имеется","Type 1","1-st","curved","","closed","","extended"
"438","8553--безнадежный--MVI_8892.eaf","безнадежный 1 слог","Type 1","all","bent","","","pointed",""
"439","8553--безнадежный--MVI_8892.eaf","безнадежный 2 слог","Type 1","1-st","curved","","closed","","extended"
"440","8565--лошадь--MVI_8908.eaf","лошадь","Type 1","all","straight","","","wide",""
"441","8579--заложник--MVI_8930.eaf","жизнь","Type 1","all","bent","","","pointed",""
"442","8581--враждебный--MVI_8932.eaf","враждебный","Type 1","all","straight","","","pointed","flexed"
"443","8592--гостиница--MVI_8944.eaf","гостиница","Type 1","1-st","straight","curved","","","flexed"
"444","8596--дом--MVI_8948.eaf","дом","Type 1","all","straight","","","pointed",""
"445","8615--человечество--MVI_8970.eaf","планета, Земля","Type 1","all","curved","","open","wide",""
"446","8632--охотник--MVI_9134.eaf","стрелять","Type 1","1-st/2-nd","straight","","","pointed","flexed"
"447","8720--иллюзия--MVI_9248.eaf","иллюзия","Type 1","all","straight","","","wide",""
"448","8728--представлять--MVI_9261.eaf","представлять 2 слог","Type 1","all","straight","","","pointed",""
"449","8758--пропитывание--MVI_9300.eaf","пропитываться","Type 1","all","straight","curved","open","wide",""
"450","8788--день для самоподготовки учителя--MVI_9343.eaf","готовиться","Type 1","thumb","straight","","","","extended"
"451","8790--на своем месте--MVI_9346.eaf","свой?","Type 1","all","curved","","closed","",""
"452","8800--случай--MVI_9358.eaf","случай","Type 1","all","straight","","","wide",""
"453","8810--рост продаж--MVI_9374.eaf","продавать","Type 1","1-st","curved_around","","","","flexed"
"454","8868--младенец--MVI_9464.eaf","младенец","Type 1","all","curved","","open","pointed",""
"455","8886--влияние--MVI_9490.eaf","влиять","Type 1","all","straight","bent","open-closed","wide",""
"456","8938--насекомые--MVI_9563.eaf","насекомые","Type 1","all","curved","","","wide",""
"457","8975--интегрировать--MVI_9619.eaf","интегрировать","Type 1","all","straight","","","wide",""
"458","9062--приглашение--MVI_9740.eaf","приглашать","Type 1","all","straight","","","pointed",""
"459","9080--неправильный--MVI_9763.eaf","противоречие?","Type 1","1-st","straight","","","","flexed"
"460","9098--чехол--MVI_9787.eaf","чехол","Type 1","all","fist","","","",""
"461","9109--ревнивый--MVI_9801.eaf","ревнивый","Type 1","1-st","curved","","open","","flexed"
"462","9140--сборка--MVI_9838.eaf","сборка","Type 1","all","bent","","closed","",""
"463","9175--суд присяжных--MVI_9890.eaf","ряд?","Type 1","all","straight","","","wide","flexed"
"464","9183--оправдывать--MVI_9899.eaf","оправдывать","Type 1","2-nd","bent","","","","extended"
"465","9195--следить, наблюдать--MVI_9919.eaf","следить","Type 1","1-st/2-nd","straight","","","wide","flexed"
"466","9204--ключевые понятия--MVI_9931.eaf","важный","Type 1","1-st","straight","","","","flexed"
"467","9241--котенок--MVI_9999.eaf","кот","Type 1","all","bent","","","wide",""
"468","9250--дамские панталоны--MVI_0012.eaf","панталоны","Type 1","all","bent","","","pointed",""
"469","9331--закон--закон.eaf","право","Type 1","all","fist","","","",""
"470","9331--закон--закон.eaf","закон","Type 1","all","curved","","open","wide",""
"471","937--Я пожарный.--MVI_1377.eaf","пожар","Type 1","1-st/2-nd/3-rd","straight","","","wide","flexed"
"472","937--Я пожарный.--MVI_1377.eaf","тушить","Type 1","all","straight","curved","open-closed","wide",""
"473","9455--фара--фара.eaf","фары","Type 1","all","curved","straight","closed-open","wide",""
"474","9486--хромать--хромать.eaf","хромать","Type 1","1-st","straight","","","","flexed"
"475","9574--искать--искать.eaf","искать","Type 1","1-st/2-nd","curved","","","wide","flexed"
"476","9640--магнит--магнит.eaf","магнит","Type 1","all","curved","","open","wide",""
"477","9710--управлять--управлять.eaf","управлять","Type 1","1-st","curved_around","","","","flexed"
"478","9748--марш--марш.eaf","маршировать","Type 1","all","straight","bent","","pointed",""
"479","9759--рынок--MVI_0766.eaf","рынок","Type 1","all","straight","","","wide",""
"480","9771--болото--MVI_0783.eaf","болото","Type 1","1-st","straight","","","","flexed"
"481","9818--выдержанное вино--MVI_0847.eaf","выдержанный","Type 1","all","straight","","","pointed",""
"482","9853--механик--MVI_0891.eaf","механизм","Type 1","all","curved","","","wide",""
"483","9887--встречаться--MVI_0939.eaf","встречаться","Type 1","1-st","straight","","","","flexed"
"484","9905--карта памяти--MVI_0963.eaf","информация","Type 1","1-st","straight","curved","","","flexed"
"485","9932--веселый--MVI_1000.eaf","веселый","Type 1","all","straight","","","pointed",""
