"","Словарная статья","Жест","Тип жеста","H1 Выбранные пальцы","H1 Сгиб","H1 Апертура","H1 Ширина","H1 Невыбранные пальцы","H1 Фокус","Ориентация H1 к H2","H2 Выбранные пальцы","H2 Сгиб","H2 Апертура","H2 Ширина","H2 Невыбранные пальцы","Ориентация H2 к H1"
"1","10008--добыча угля, руды--MVI_1118.eaf","добыча полезных ископаемых","Type 3","all","curved","","wide","","root","back","all","straight","","pointed","","palm"
"2","10040--варежка--MVI_1170.eaf","","Type 2","all","straight","","pointed","","ulnar","tips","all","straight","","pointed","","back"
"3","10055--подражание, пародия--MVI_1198.eaf","пародировать","Type 2","1-st/4-th","straight","","","flexed","tips","ulnar","1-st/4-th","straight","","","flexed","back"
"5","10090--деньги--MVI_1261.eaf","деньги","Type 3","all","bent","closed","","","back","back","all","straight","","pointed","","palm"
"6","10126--ступа и пестик--MVI_1308.eaf","ступа и пестик","Type 3","all","fist","","","","root/ulnar","ulnar","all","curved","open","wide","","palm"
"8","10184--кружка--MVI_1376.eaf","кружка","Type 3","all","curved","open","pointed","","ulnar","ulnar","all","straight","","pointed","","palm"
"9","10212--гриб--MVI_1415.eaf","гриб","Type 3","all","curved","","wide","","palm","palm","1-st","straight","","","flexed","tips"
"10","10220--мидия--MVI_1424.eaf","мидия","Type 2","all","bent","","pointed","","","palm/ulnar/palm","all","bent","","pointed","","palm"
"11","10221--должен--MVI_1425.eaf","должен","Type 3","1-st","straight","","","flexed","palm","palm","all","straight","","pointed","","palm"
"12","10243--имя--MVI_1453.eaf","имя","Type 3","1-st","straight","","","flexed","radial","palm","thumb","straight","","","flexed","palm"
"13","10343--новый--MVI_1578.eaf","новый","Type 3","all","bent","","pointed","","tips","back","all","straight","","pointed","","palm"
"14","10353--газета--MVI_1593.eaf","газета","Type 2","all","straight","","pointed","","tips","palm","all","straight","","pointed","","palm"
"15","10430--ничего--MVI_1704.eaf","ничего","Type 2","all","straight","","pointed","","","palm","all","straight","","pointed","","palm"
"16","10481--цель--MVI_1767.eaf","цель","Type 3","1-st","curved","closed","","straight","palm","palm","1-st","straight","","","flexed","radial"
"17","10496--упрямый--MVI_1786.eaf","упрямый","Type 2","1-st","straight","","","flexed","palm/radial","palm","1-st","straight","","","flexed","palm"
"19","10551--мазь--MVI_1867.eaf","мазь","Type 3","2-nd","bent","","","straight","","palm","all","straight","","pointed","","palm"
"21","10572--еще раз--MVI_1904.eaf","1 раз","Type 3","1-st","straight","","","flexed","ulnar","back","all","straight","","pointed","","palm"
"23","10624--или--MVI_1970.eaf","или","Type 3","1-st","straight","","","flexed","palm/back","palm/back","thumb/1-st","straight","","","flexed","palm"
"26","10680--орнамент--MVI_2040.eaf","орнамент","Type 2","1-st","straight","","","flexed","ulnar","ulnar","1-st","straight","","","flexed","radial"
"27","10687--орфография--MVI_2048.eaf","писать","Type 3","1-st","curved","closed","","straight","ulnar","palm","all","straight","","pointed","","palm"
"28","10700--вне дома--MVI_2070.eaf","вне","Type 2","all","bent","","pointed","","back","tips","all","bent","","pointed","","tips"
"29","10702--не в порядке, сломан--MVI_2073.eaf","сломан","Type 2","1-st/2-nd","curved","","wide","flexed","","tips","1-st/2-nd","curved","","wide","flexed","tips"
"30","10705--результат--MVI_2076.eaf","результат","Type 2","all","bent","","pointed","","ulnar","ulnar","all","bent","","pointed","","palm"
"31","10719--начало--MVI_2094.eaf","начало","Type 3","1-st","straight","","","flexed","tips","back","all","straight","","pointed","","palm"
"32","10731--преодолевать--MVI_2109.eaf","преодолевать","Type 2","all","fist","","","","palm","root","all","fist","","","","back"
"33","10736--переедание--MVI_2114.eaf","переедать","Type 2","all","fist","","","","ulnar","ulnar","all","fist","","","","radial"
"35","10744--проспать--MVI_2124.eaf","пропустить?","Type 2","all","straight","","pointed","","palm","palm","all","straight","","pointed","","palm"
"37","10777--пакет--MVI_2169.eaf","внутри","Type 3","all","bent","","pointed","","tips","back","all","straight","","pointed","","palm"
"38","10793--боль--MVI_2195.eaf","боль","Type 3","1-st","curved","closed","","straight","palm/ulnar","palm","all","fist","","","","back"
"39","10797--краска--MVI_2201.eaf","краска","Type 3","1-st/2-nd","straight","","pointed","flexed","","tips","all","straight","","pointed","","palm"
"41","10832--бумага--MVI_2250.eaf","бумага","Type 2","all","fist","","","","ulnar/radial","palm","all","fist","","","","palm"
"42","10942--проходящий--MVI_2403.eaf","мимо","Type 2","all","straight","","pointed","","ulnar","palm","all","straight","","pointed","","palm"
"44","10982--зарплата в конверте--MVI_2456.eaf","внутри","Type 2","all","straight","","pointed","","ulnar","back","all","straight","","pointed","","palm"
"45","10988--персик--MVI_2462.eaf","","Type 3","all","straight","","pointed","","ulnar/radial","palm","all","curved","open","wide","","back"
"46","1101--не иметь никакого дела--MVI_1573.eaf","быть.без.дела","Type 2","all","curved","","wide","","ulnar","tips","all","curved","","wide","","tips"
"47","11029--наказывать--MVI_2514.eaf","наказывать","Type 2","all","straight","","pointed","","palm/radial","palm","all","straight","","pointed","","back"
"48","11030--штраф--MVI_2515.eaf","штраф","Type 3","1-st/2-nd/3-rd","straight","","pointed","flexed","","tips","all","straight","","pointed","","palm"
"49","1104--Этот фильм я видел(а) три раза--MVI_1576.eaf","три.раза","Type 3","1-st/2-nd/3-rd","straight","","wide","flexed","ulnar","back","all","straight","","pointed","","palm"
"51","11058--перечница--MVI_2557.eaf","перечница","Type 3","all","curved","open","wide","","root","palm","all","curved","open","pointed","","radial"
"52","11088--постоянный--MVI_2601.eaf","постоянный","Type 3","3-rd","curved","closed","","straight","palm","palm","all","straight","","pointed","","palm"
"53","11179--врач--врач.eaf","врач","Type 3","1-st/2-nd","curved","","wide","flexed","palm","palm","all","fist","","","","back"
"54","11190--протыкать--протыкать.eaf","протыкать","Type 3","1-st/4-th","straight","","","flexed","tips","tips","all","straight","","pointed","","palm"
"58","11346--пневматическое ружье, пневматическая хлопушка--пневматическое ружье, пневматическая хлопушка.eaf","","Type 3","all","curved","open","wide","","","palm","all","straight","","wide","","palm"
"59","11369--ядовитый гриб--ядовитый гриб.eaf","гриб","Type 3","1-st","straight","","","flexed","tips","tips","all","straight","","pointed","","palm"
"61","11474--картофель--картофель.eaf","картофель","Type 2","1-st/2-nd","straight","","pointed","flexed","ulnar","back","1-st/2-nd","straight","","pointed","flexed","radial"
"62","11480--хваталка для горячего--хваталка для горячего.eaf","варежка","Type 3","1-st","straight","","","flexed","ulnar","palm","all","straight","","pointed","","radial/tips/ulnar"
"63","11516--хвалить--хвалить.eaf","хвалить","Type 3","thumb","straight","","","flexed","ulnar/root","back","all","straight","","pointed","","palm"
"65","11590--давление--давление.eaf","давление1","Type 2","all","fist","","","","palm","palm","all","fist","","","","palm"
"66","11592--заставлять--заставлять.eaf","заставлять","Type 3","1-st/2-nd","straight","","wide","flexed","tips","tips","all","straight","","pointed","","radial"
"67","11602--предотвращение--предотвращение.eaf","предотвращать","Type 2","1-st/2-nd","straight","","pointed","flexed","ulnar","ulnar","1-st/2-nd","straight","","pointed","flexed","radial"
"68","11606--раньше--раньше.eaf","раньше","Type 3","all","bent","","pointed","","palm","back","all","straight","","pointed","","palm"
"69","11637--принтер--принтер.eaf","принтер","Type 2","all","straight","","pointed","","tips","back","all","straight","","pointed","","palm"
"71","11674--продолжать делать--продолжать делать.eaf","продолжать","Type 2","all","straight","","pointed","","root","palm","all","straight","","pointed","","palm"
"72","11756--проституция--MVI_3514.eaf","проституция","Type 3","1-st/2-nd","curved","","wide","flexed","ulnar","root","all","straight","","pointed","","back"
"73","11771--доказывать--MVI_3537.eaf","доказывать","Type 3","1-st/2-nd","straight","","wide","flexed","ulnar/back","ulnar","all","straight","","pointed","","palm"
"74","11779--примерный, приблизительный--MVI_3548.eaf","близкий","Type 2","all","bent","","pointed","","palm","palm","all","bent","","pointed","","back"
"75","11807--общественный документ--MVI_3593.eaf","документ","Type 2","all","fist","","","","radial/ulnar","palm","all","fist","","","","palm"
"76","11822--издатель--MVI_3617.eaf","издавать","Type 2","all","fist","","","","palm","palm","all","fist","","","","palm"
"78","11918--очередь--MVI_3750.eaf","очередь","Type2","all","straight","","wide","flexed","radial","ulnar","all","straight","","wide","","radial"
"79","11967--железнодорожный переезд--MVI_3825.eaf","шлагбаум","Type 2","1-st/2-nd","straight","","pointed","flexed","radial","tips","1-st/2-nd","straight","","pointed","flexed","tips"
"80","1199--Я хочу выписаться--MVI_1686.eaf","выписаться","Type 3","1-st","curved","","","flexed","back","palm","all","curved","closed","","","radial"
"81","12056--причина--MVI_3954.eaf","причина","Type 3","all","fist","","","","tips","tips","all","straight","","pointed","","palm"
"82","1206--Я две недели лежал в кровати--MVI_1691.eaf","лежать","Type 3","1-st/2-nd","straight","","wide","flexed","back","back","all","straight","","pointed","","palm"
"83","12061--замечание, критика--MVI_3959.eaf","выговор","Type 3","all","fist","","","","","radial","all","straight","","pointed","","palm"
"84","12065--недавно--MVI_3963.eaf","недавно","Type 3","all","bent","","pointed","","palm","back","all","straight","","pointed","","palm"
"85","12079--узнавать--MVI_3981.eaf","узнавать, расследовать","Type 3","1-st","curved","","","flexed","root","palm","all","straight","","pointed","","palm"
"86","12087--запись--MVI_3990.eaf","запись","Type 3","all","bent","closed","","","root","palm","all","straight","","pointed","","palm"
"87","12090--трудовой стаж--MVI_3993.eaf","стаж","Type 2","all","straight","","pointed","","tips/root","ulnar","all","straight","","pointed","","palm"
"88","12115--сангина--MVI_4025.eaf","рисовать","Type 3","thumb","straight","","","flexed","root","palm","all","straight","","pointed","","palm"
"89","12119--бюрократическая процедура--MVI_4029.eaf","бюрократическая процедура","Type 2","1-st","curved_around","","","flexed","root","tips","1-st","curved_around","","","flexed","radial"
"90","12120--красный чай--MVI_4030.eaf","чай","Type 3","1-st","curved","closed","","straight","palm","palm","all","curved","closed","","","radial"
"91","12161--регистрировать--MVI_4090.eaf","","Type 3","all","bent","closed","","","tips","tips","all","straight","","pointed","","palm"
"92","12161--регистрировать--MVI_4090.eaf","","Type 2","all","straight","","pointed","","palm","palm","all","straight","","pointed","","palm"
"93","1220--Я возьму этот галстук--MVI_1713.eaf","галстук","Type 3","1-st","curved","open","","flexed","ulnar","radial","all","curved","closed","","","ulnar"
"94","12223--нахождение под стражей--MVI_4193.eaf","арестовать","Type 3","all","fist","","","","tips","radial","all","straight","","pointed","","palm"
"95","12225--замечание--MVI_4197.eaf","замечание","Type 3","1-st","straight","","","flexed","","tips","all","straight","","pointed","","palm"
"96","12249--повторять--MVI_4229.eaf","повторять","Type 3","all","bent","closed","","","","palm","all","straight","","pointed","","palm"
"97","12265--представлять--MVI_4246.eaf","представлять","Type 3","thumb","straight","","","flexed","radial","radial","all","straight","","pointed","","palm"
"98","12322--ответственный--MVI_4321.eaf","ответственный","Type 3","1-st","curved","closed","","straight","ulnar","ulnar","all","straight","","pointed","","palm"
"99","12337--результат--MVI_4349.eaf","результат","Type 2","all","straight","","pointed","","ulnar","ulnar","all","straight","","pointed","","palm"
"100","12369--бранить, оскорблять--MVI_4386.eaf","оскорблять, бранить","Type 3","1-st","curved","","","flexed","ulnar","palm","1-st","straight","","","flexed","radial"
"101","12416--кольцо--MVI_4466.eaf","кольцо","Type 3","1-st","bent","closed","","straight","","palm","all","straight","","pointed","","back"
"102","12454--жареная курица--MVI_4523.eaf","курица","Type 3","1-st","curved","","","flexed","palm","palm","all","fist","","","","back"
"103","12495--стропилы на крыше--MVI_4575.eaf","","Type 2","all","straight","","pointed","","root/back","tips","all","straight","","pointed","","palm"
"104","12502--комната--MVI_4585.eaf","комната","Type 3","1-st","curved","open","","flexed","palm","palm","all","straight","","pointed","","palm"
"105","12527--маршрут--MVI_4629.eaf","маршрут","Type 2","all","straight","","pointed","","tips","ulnar","all","straight","","pointed","","palm"
"106","12557--слух--MVI_4665.eaf","слух","Type 3","1-st","curved","","","flexed","","palm","all","fist","","","","palm"
"107","12642--шкурка--MVI_4789.eaf","шкурка","Type 2","all","straight","","pointed","","ulnar","palm","all","straight","","pointed","","palm"
"109","12661--соус--MVI_4824.eaf","соус","Type 3","thumb","straight","","","flexed","","radial","all","straight","","pointed","","palm"
"110","12685--сканнер--MVI_4856.eaf","сканер","Type 2","all","straight","","pointed","","radial","back","all","straight","","pointed","","palm"
"112","12768--шпатель--MVI_4980.eaf","шпатель","Type 3","all","curved","","wide","","root","palm/tips","all","straight","","pointed","","palm"
"113","12770--царапать--MVI_4982.eaf","царапать","Type 3","1-st","curved","","","flexed","","palm/tips","all","straight","","pointed","","palm"
"114","12780--шуруп--MVI_4996.eaf","шуруп","Type 3","1-st","straight","","","flexed","tips","tips","all","straight","","pointed","","palm"
"115","12783--отвертка--MVI_5000.eaf","отвертка","Type 3","1-st/2-nd","straight","","pointed","flexed","tips","tips","all","straight","","pointed","","palm"
"116","12803--печать--MVI_5028.eaf","печать","Type 3","all","fist","","","","ulnar","ulnar","all","straight","","pointed","","palm"
"118","12909--посылать--MVI_5195.eaf","посылать2","Type 3","all","curved","","pointed","","palm","root","all","fist","","","","back"
"119","12923--разделять--MVI_5215.eaf","разделять2","Type 2","all","straight","","pointed","","palm","back","all","straight","","pointed","","back"
"120","12923--разделять--MVI_5215.eaf","разделять3","Type 2","thumb","straight","","","flexed","tips","radial","thumb","straight","","","flexed","radial"
"122","12960--расчет ; урегулирование--MVI_5281.eaf","рассчитываться","Type 2","all","straight","","pointed","","radial/ulnar","palm","all","straight","","pointed","","palm"
"123","12970--серьезные трудности в обучении--MVI_5295.eaf","серьезный","Type 2","all","straight","","pointed","","","back/palm","all","straight","","pointed","","back"
"124","12971--шить--MVI_5298.eaf","шить","Type 3","all","straight","","wide","flexed","radial","tips","all","straight","","pointed","","palm"
"125","12974--шитье--MVI_5301.eaf","шить2","Type 2","1-st","curved","closed","","straight","ulnar","palm","1-st","curved","closed","","straight","palm"
"126","12997--позор--MVI_5343.eaf","","Type 2","all","straight","","pointed","","palm","palm","all","straight","","pointed","","palm"
"127","13005--острый--MVI_5358.eaf","острый","Type 2","1-st","straight","","","flexed","ulnar/root","ulnar","1-st","straight","","","flexed","back"
"128","13044--рожок для обуви--MVI_5411.eaf","рожок для обуви","Type 3","1-st","curved_around","","","flexed","tips","radial","all","straight","","pointed","","root"
"129","13078--показывать--MVI_5461.eaf","","Type 2","all","straight","","pointed","","back","back","all","straight","","pointed","","palm"
"130","13124--подпись--MVI_5529.eaf","подпись","Type 3","1-st/2-nd","bent","closed","","flexed","ulnar","back","all","straight","","pointed","","palm"
"131","13175--сестра--MVI_5599.eaf","сестра","Type 2","1-st","straight","","","flexed","ulnar","ulnar","1-st","straight","","","flexed","back"
"132","13210--кожа--MVI_5652.eaf","кожа","Type 3","1-st","curved","closed","","straight","ulnar","palm","all","straight","","pointed","","back"
"133","13220--парашютист--MVI_5664.eaf","парашютист","Type 3","all","curved","open","wide","","palm","palm","1-st","straight","","","flexed","tips"
"134","13238--лунатизм--MVI_5695.eaf","ходить","Type 3","1-st/2-nd","curved","","wide","flexed","tips/radial/ulnar","palm","all","straight","","pointed","","palm"
"135","13244--резать на тонкие кусочки--MVI_5709.eaf","нарезать2","Type 3","all","straight","","pointed","","back/ulnar","palm","all","curved","open","pointed","","radial"
"136","13258--скользкий--MVI_5729.eaf","скользкий","Type 2","all","straight","","pointed","","tips","palm","all","straight","","pointed","","palm"
"137","1327--Далеко ли от школы до вокзала--MVI_1848.eaf","до","Type 3","all","fist","","","","tips","tips","all","straight","","pointed","","palm"
"138","13349--носки--MVI_5888.eaf","","Type 2","all","straight","","pointed","","radial","palm","all","straight","","pointed","","back"
"139","13349--носки--MVI_5888.eaf","","Type 3","1-st/2-nd","straight","","pointed","flexed","ulnar","ulnar","all","straight","","pointed","","back"
"140","13351--розетка--MVI_5890.eaf","розетка","Type 3","all","curved","open","wide","","palm","palm","all","straight","","pointed","","palm"
"141","13351--розетка--MVI_5890.eaf","подключать","Type 3","1-st","curved_around","","","flexed","tips","tips","all","straight","","pointed","","palm"
"142","13493--тратить--MVI_6082.eaf","тратить","Type 3","all","straight","","wide","","tips","palm","all","straight","","pointed","","palm"
"143","13526--портить--MVI_6132.eaf","портить 1 слог","Type2","all","straight","","wide","","palm","palm","all","straight","","pointed","","palm"
"144","13526--портить--MVI_6132.eaf","портить 2 слог","Type 3","all","fist","","","","palm","palm","all","straight","","pointed","","palm"
"145","13534--катушка,бобина--MVI_6143.eaf","катушка","Type 3","1-st","straight","","","flexed","root","tips","all","curved","open","wide","","palm"
"146","13546--пятно--MVI_6157.eaf","пятно","Type 3","1-st","curved","open","","straight","radial","radial","all","straight","","pointed","","palm"
"147","13599--нержавеющий--MVI_6227.eaf","не?","Type 2","1-st","straight","","","flexed","ulnar","ulnar","1-st","straight","","","flexed","radial"
"148","13605--марка--MVI_6235.eaf","марка","Type 3","1-st/2-nd","curved","","wide","flexed","tips","tips","all","straight","","pointed","","palm"
"149","13608--стоять--MVI_6238.eaf","стоять","Type 3","1-st/2-nd","straight","","wide","flexed","tips","tips","all","straight","","pointed","","palm"
"150","13616--позиция--MVI_6251.eaf","позиция","Type 3","all","fist","","","","tips","tips","all","straight","","pointed","","palm"
"152","13620--соединение звездой--MVI_6256.eaf","соединение2","Type 3","2-nd","bent","","","straight","palm","palm","all","straight","","pointed","","palm"
"154","13726--останавливаться--MVI_6401.eaf","останавливаться","Type 2","all","fist","","","","palm","palm","all","fist","","","","back"
"155","13783--строгий--MVI_6474.eaf","строгий","Type 2","all","fist","","","","radial","ulnar","all","fist","","","","radial"
"156","13800--упрямство--MVI_6512.eaf","упрямый1","Type 2","1-st","straight","","","flexed","palm/radial","palm","1-st","straight","","","flexed","palm"
"157","13800--упрямство--MVI_6512.eaf","упрямый 2","Type 2","all","fist","","","","palm/tips","palm","all","fist","","","","palm"
"158","13828--подчинение--MVI_6563.eaf","подчинение","Type 2","all","straight","","pointed","","palm/back","back","all","straight","","pointed","","palm"
"160","13856--такой--MVI_6600.eaf","вот","Type 3","all","bent","","pointed","","back","back","all","straight","","pointed","","palm"
"161","13891--подсолнечное масло--MVI_6652.eaf","масло","Type 3","thumb/4-th","straight","","","flexed","","ulnar","all","straight","","pointed","","ulnar"
"162","13895--крем для загара--MVI_6656.eaf","крем","Type 3","2-nd","bent","","","straight","ulnar/radial","palm","all","straight","","pointed","","back"
"163","13896--закат--MVI_6657.eaf","закат","Type 3","1-st","curved","closed","","straight","palm","radial","all","straight","","pointed","","ulnar"
"164","13930--уверенный--MVI_6738.eaf","уверенный","Type 3","1-st","straight","","","flexed","palm","tips","all","straight","","pointed","","palm"
"165","13943--фамилия--MVI_6761.eaf","фамилия","Type 3","all","bent","","pointed","","radial/ulnar","palm","all","straight","","pointed","","radial"
"166","14005--свинья--MVI_6859.eaf","свинья","Type 3","all","bent","closed","","","","tips/palm","all","straight","","pointed","","palm"
"167","14011--выключатель--MVI_6872.eaf","","Type 3","all","curved","open","pointed","","palm","palm","all","straight","","pointed","","palm"
"168","14011--выключатель--MVI_6872.eaf","","Type 3","all","curved","open","pointed","","palm","palm","all","straight","","pointed","","palm"
"169","14011--выключатель--MVI_6872.eaf","выключатель","Type 3","thumb","straight","","","flexed","","tips/radial","all","straight","","pointed","","palm"
"170","14112--чай--MVI_7060.eaf","чай","Type 3","1-st","curved","closed","","straight","palm/back","palm","all","curved","open","pointed","","radial"
"171","14150--температура--MVI_7118.eaf","температура","Type 3","1-st","straight","","","flexed","tips","radial","all","straight","","pointed","","radial"
"172","14276--хотя--MVI_7302.eaf","","Type 2","1-st","straight","","","flexed","ulnar","ulnar","1-st","straight","","","flexed","radial"
"173","14298--через--MVI_7346(2).eaf","через","Type 2","1-st","straight","","","flexed","back","ulnar","1-st","straight","","","flexed","radial"
"174","14298--через--MVI_7347(1).eaf","через2","Type 3","all","straight","","wide","","tips","palm","all","straight","","pointed","","palm"
"175","14335--консервная банка--MVI_7411.eaf","консервная банка","Type 3","all","fist","","","","","ulnar","all","curved","open","pointed","","radial"
"176","14336--открывалка консервных банок--MVI_7412.eaf","нож для консервных банок","Type 3","all","fist","","","","","tips","all","curved","open","pointed","","radial"
"177","14377--дорожная пошлина--MVI_7474.eaf","сбор, плата","Type 3","all","curved","","pointed","","root","palm","all","straight","","pointed","","palm"
"178","14421--касание--MVI_7547.eaf","касание","Type 3","all","bent","","pointed","","tips/back","tips","all","straight","","pointed","","back"
"179","14438--буксирная балка--MVI_7576.eaf","зацеплять","Type 3","1-st","curved","","","flexed","palm","palm","all","curved","closed","","","radial"
"180","14439--в направлении к--MVI_7577.eaf","направление","Type 2","all","straight","","pointed","","tips","ulnar","all","straight","","pointed","","palm"
"181","14444--город--MVI_7582.eaf","","Type 3","1-st","straight","","","flexed","","tips","all","straight","","pointed","","palm"
"182","14444--город--MVI_7582.eaf","","Type 3","1-st","straight","","","flexed","tips","tips","all","straight","","pointed","","palm"
"183","14465--поезд--MVI_7614.eaf","поезд","Type 3","1-st/2-nd","straight","","pointed","flexed","","palm","all","straight","","pointed","","palm"
"184","14481--перевод--MVI_7639.eaf","перевод","Type 2","1-st/2-nd","straight","","pointed","flexed","tips","palm","1-st/2-nd","straight","","pointed","flexed","back"
"185","14507--путешествие--MVI_7697.eaf","путешествие","Type 3","2-nd","bent","","","straight","tips","palm","all","straight","","pointed","","palm"
"186","14556--в три раза--MVI_7777.eaf","три раза","Type 3","thumb/1-st/2-nd","straight","","wide","flexed","ulnar","back","all","straight","","pointed","","back"
"187","14561--штатив ; тренога--MVI_7788.eaf","тренога","Type 3","thumb/1-st/2-nd","straight","","wide","flexed","tips","tips","all","straight","","pointed","","palm"
"188","14579--труба (муз)--MVI_7815.eaf","труба","Type 2","all","curved","open","pointed","","","ulnar","all","curved","open","pointed","","radial"
"189","14592--падать, опрокидывать--MVI_7836.eaf","падать","Type 3","1-st/2-nd","straight","","wide","flexed","back","tips","all","straight","","pointed","","palm"
"191","14609--поворот--MVI_7860.eaf","поворот1","Type 2","all","straight","","pointed","","tips","ulnar","all","straight","","pointed","","palm"
"192","14609--поворот--MVI_7860.eaf","поворот2","Type 2","all","straight","","pointed","","tips","ulnar","all","straight","","pointed","","palm"
"193","14628--дважды--MVI_7892.eaf","два раза","Type 3","1-st/2-nd","straight","","wide","flexed","ulnar","back","all","straight","","pointed","","palm"
"194","14633--закрученный--MVI_7901.eaf","закрученный","Type 2","1-st","straight","","","flexed","root","tips","1-st","straight","","","flexed","tips"
"196","14663--откупоривать--MVI_7958.eaf","откупаривать","Type 3","1-st/2-nd","curved","","wide","flexed","","tips/ulnar","all","curved","open","pointed","","radial"
"197","14665--антикоррозионная защита днища--MVI_7961.eaf","предотвращать","Type2","1-st/2-nd","straight","","pointed","flexed","ulnar","ulnar","1-st/2-nd","straight","","pointed","straight","radial"
"198","14665--антикоррозионная защита днища--MVI_7961.eaf","днище","Type 2","all","straight","","pointed","","","palm","all","straight","","pointed","","palm"
"199","14706--непохожий, отличающийся--MVI_8032.eaf","непохожий","Type 2","1-st","straight","","","flexed","","tips","1-st","straight","","","flexed","tips"
"200","14747--срочный--MVI_8120.eaf","срочный","Type 3","1-st","curved","closed","","straight","root","palm","all","straight","","pointed","","palm"
"201","14765--отпуск--MVI_8145.eaf","отпуск","Type 3","all","bent","","pointed","","back","back","all","straight","","pointed","","palm"
"203","14833--очень--MVI_8275.eaf","очень","Type 3","1-st","curved","open","","flexed","","back/palm","all","straight","","pointed","","back"
"205","14987--часовщик--MVI_8522.eaf","часы2","Type 3","1-st","curved","closed","","straight","palm","palm","all","fist","","","","back"
"206","15011--водозащитный--MVI_8558.eaf","поверхность?","Type 2","all","straight","","pointed","","ulnar/radial","palm","all","straight","","pointed","","palm"
"207","15011--водозащитный--MVI_8558.eaf","предотваращать2?","Type 2","all","straight","","pointed","","ulnar","ulnar","all","straight","","pointed","","radial"
"208","15051--вес--MVI_8635.eaf","вес","Type 3","all","bent","","pointed","","tips","tips","all","straight","","pointed","","palm"
"209","15059--сварщик--MVI_8652.eaf","сварщик","Type 3","thumb/4-th","straight","","","flexed","ulnar","ulnar","all","straight","","pointed","","palm"
"210","15149--ветряная мельница--MVI_8830.eaf","ветряк","Type 3","all","straight","","wide","","","palm","1-st","straight","","","flexed","tips"
"211","15185--внутри--MVI_8895.eaf","внутри","Type 3","1-st","straight","","","flexed","tips","back","all","straight","","pointed","","palm"
"214","15186--без--MVI_8898.eaf","без2","Type 2","1-st/2-nd","straight","","pointed","flexed","palm","ulnar/back","1-st/2-nd","straight","","pointed","flexed","radial"
"215","15196--замечательный--MVI_8929.eaf","замечательный","Type 3","thumb/1-st","straight","","","flexed","ulnar","ulnar","all","straight","","pointed","","palm"
"216","15206--слово--MVI_8947.eaf","слово","Type 3","1-st","curved","open","","flexed","ulnar","ulnar","1-st","straight","","","flexed","back"
"217","15211--работать--MVI_8956.eaf","делать","Type 2","all","fist","","","","ulnar","ulnar","all","fist","","","","radial"
"218","15266--писать--MVI_9050.eaf","писать","Type 3","all","bent","closed","","","ulnar","palm","all","straight","","pointed","","palm"
"219","15288--нить; пряжа--MVI_9100.eaf","пряжа","Type 3","1-st","curved_around","","","flexed","","tips","all","curved","open","wide","","palm"
"220","15316--йо-йо--MVI_9153.eaf","йо-йо","Type 3","all","curved","closed","","","back/palm","palm","all","straight","","pointed","","palm"
"221","15325--молния--MVI_9171.eaf","молния","Type 2","1-st","curved_around","","","flexed","radial/ulnar","ulnar","1-st","curved_around","","","flexed","radial"
"222","1581--Можно я открою окно--MVI_2119.eaf","открыть","Type 2","all","straight","","pointed","","","palm/root","all","straight","","pointed","","back"
"223","1637--Сдача неверная.--MVI_2195.eaf","сдача(1слог) ","Type 2","1-st/2-nd","straight","","pointed","flexed","back","ulnar","1-st/2-nd","straight","","pointed","flexed","back"
"224","1714--морская рыба--MVI_2286.eaf","рыба","Type 2","all","straight","","pointed","","","ulnar","all","straight","","pointed","","radial"
"225","1758--разъём PS;2--MVI_2347.eaf","разъем","Type 3","all","curved","closed","","","radial","radial","all","straight","","pointed","","palm"
"226","1823--Пожалуйста, помогите мне--MVI_2427.eaf","помогать","Type 2","all","straight","","pointed","","radial","radial","all","straight","","pointed","","ulnar"
"227","1850--Убери!--MVI_2460.eaf","убери","Type 2","all","straight","","pointed","","palm","ulnar","all","straight","","pointed","","palm"
"228","1922--сим-карта (2)_3g2_Output_95.eaf","симкарта","Type 3","1-st/2-nd","straight","","pointed","flexed","tips","palm","all","straight","","pointed","","palm"
"229","2060--Прекратите писать--MVI_0314.eaf","прекратить","Type 2","all","straight","","pointed","","ulnar","palm","all","straight","","pointed","","back"
"230","2141--ассоциация издателей--MVI_0409_converted_3g2_Output_111.eaf","издавать","Type 3","all","fist","","","","palm","palm","all","straight","","pointed","","palm"
"232","2358--Какая у тебя машина--MVI_0692_converted_3g2_Output_329.eaf","марка?","Type 3","1-st/2-nd","straight","","pointed","flexed","palm","palm","all","straight","","pointed","","palm"
"233","2370--Который час--MVI_0706_converted_3g2_Output_340.eaf","время","Type 3","1-st","straight","","","flexed","tips","tips","all","fist","","","","back"
"234","2389--Как твое жестовое имя--MVI_9358.eaf","жестовое имя 1 слог","Type 2","all","straight","","pointed","","palm","palm","all","straight","","pointed","","palm"
"235","2389--Как твое жестовое имя--MVI_9358.eaf","жестовое имя 2 слог","Type 3","all","fist","","","","palm","palm","all","straight","","pointed","","palm"
"236","2408--Если ты пропустил, то должен принести справку.--MVI_0758_converted_3g2_Output_379.eaf","пропустить","Type 3","1-st","curved_around","","","flexed","palm","radial","all","straight","","pointed","","palm"
"237","2454--Где метро--MVI_0828_converted_3g2_Output_422.eaf","метро","Type 3","all","fist","","","","ulnar","back","all","straight","","pointed","","palm"
"238","2568--Ютьюб (Youtube)--MVI_1001_3g2_Output_528 - копия.eaf","youtube","Type 3","thumb/4-th","straight","","","flexed","","palm","all","straight","","pointed","","palm"
"239","2601--аборт--MVI_1039_3g2_Output_560.eaf","аборт","Type 3","all","curved","","pointed","","palm","tips","all","straight","","pointed","","palm"
"240","2603--выше--MVI_1042_3g2_Output_563.eaf","выше","Type 2","all","straight","","pointed","","back","radial","all","straight","","pointed","","palm"
"241","2605--шкурение--MVI_1044_3g2_Output_565.eaf","","Type 3","all","curved","","wide","","palm/root","palm","all","straight","","pointed","","palm"
"243","2690--признание--MVI_1161_3g2_Output_650.eaf","признание","Type 3","thumb/1-st/2-nd","straight","","wide","flexed","palm","palm","all","straight","","pointed","","palm"
"244","2707--акриловая живопись--MVI_1181_3g2_Output_666.eaf","рисовать.акриловой.краской","Type 3","all","fist","","","","root","palm","all","straight","","pointed","","palm"
"245","2755--дополнительный.eaf","дополнительный","Type 3","all","bent","closed","","","palm","palm","all","straight","","pointed","","radial"
"246","2880--впереди.eaf","впереди","Type 2","thumb","straight","","","flexed","tips","palm","thumb","straight","","","flexed","palm"
"247","2961--аллергия.eaf","аллергия","Type 3","all","curved","","wide","","radial","palm","all","straight","","pointed","","back"
"248","2978--почти.eaf","почти","Type 3","1-st","curved","open","","flexed","ulnar","ulnar","1-st","straight","","","flexed","back"
"249","3074--якорь.eaf","цепь","Type 2","1-st","curved","closed","","straight","back","palm","1-st","curved","closed","","straight","palm"
"250","3170--кроме--кроме.eaf","кроме","Type 2","thumb","straight","","","flexed","tips","radial","thumb","straight","","","flexed","radial"
"251","3178--извиняться--извиняться.eaf","извиняться","Type 2","all","straight","","pointed","","root","palm","all","straight","","pointed","","palm"
"252","3223--подходить--подходить.eaf","рядом","Type 2","thumb","straight","","","flexed","palm","palm","thumb","straight","","","flexed","palm"
"253","3224--подходящий--подходящий.eaf","подходящий","Type 2","1-st","straight","","","flexed","tips","tips","1-st","straight","","","flexed","tips"
"254","3228--приблизительный--приблизительный.eaf","приблизительный","Type 2","all","straight","","pointed","","back","back","all","straight","","pointed","","palm"
"255","3248--архиепископ--архиепископ.eaf","римский?","Type 2","1-st/2-nd","straight","","pointed","flexed","","ulnar","1-st/2-nd","straight","","pointed","flexed","radial"
"257","3289--прибытие поезда--прибытие поезда.eaf","поезд","Type 2","1-st/2-nd","straight","","pointed","flexed","","palm","1-st/2-nd","straight","","pointed","flexed","palm"
"258","3370--идиот--идиот.eaf","отставать","Type 2","thumb","straight","","","flexed","root","tips","thumb","straight","","","flexed","root"
"259","3420--атмосферное давление--атмосферное давление.eaf","давление","Type 2","all","curved","","pointed","","palm","palm","all","curved","","pointed","","palm"
"260","3437--посещать--посещать.eaf","посещать","Type 3","1-st/2-nd","curved","","wide","flexed","","palm","1-st/2-nd","straight","","pointed","flexed","back"
"261","3512--средний--средний.eaf","средний","Type 2","all","curved","","wide","","ulnar","tips","all","curved","","wide","","tips"
"262","3616--булочная--булочная.eaf","булочка","Type 3","all","curved","open","wide","","","palm","all","straight","","pointed","","palm"
"263","3645--запрещать--запрещать.eaf","запрещать","Type 3","1-st","straight","","","flexed","ulnar","ulnar","all","straight","","pointed","","palm"
"264","3651--ленточнопильный станок--ленточнопильный станок.eaf","пила","Type 2","all","straight","","pointed","","ulnar","palm","all","straight","","pointed","","tips"
"265","3655--банк--банк.eaf","банк","Type 2","all","straight","","wide","","palm","palm","all","straight","","wide","","back"
"267","3672--голый--голый.eaf","голый","Type 3","2-nd","bent","","","straight","ulnar","palm","all","straight","","pointed","","back"
"268","369--здесь можно припарковаться--MVI_0746.eaf","припарковаться","Type 3","1-st/4-th","straight","","","flexed","ulnar","ulnar","all","straight","","pointed","","back"
"269","3691--барьер--барьер.eaf","барьер","Type 2","1-st/2-nd","straight","","pointed","flexed","ulnar","ulnar","1-st/2-nd","straight","","pointed","flexed","radial"
"270","3695--основание--основание.eaf","основание","Type 2","all","straight","","wide","","palm","palm","all","straight","","wide","","back"
"272","3759--Быть не в себе--.eaf","","Type 2","all","curved","open","wide","","","palm","all","curved","open","wide","","palm"
"273","3811--жук--.eaf","жук","Type 3","all","curved","","wide","","tips","palm","all","straight","","pointed","","back"
"274","3815--начинать--.eaf","начинать","Type 3","1-st","straight","","","flexed","tips","back","all","straight","","pointed","","palm"
"276","3988--блендер--блендер.eaf","","Type 3","1-st","straight","","","flexed","","tips","all","curved","open","pointed","","radial"
"277","4011--кровь--кровь.eaf","","Type 2","all","straight","","pointed","","root","palm","all","straight","","pointed","","palm"
"278","4017--тонометр--тонометр.eaf","измерительный прибор","Type 3","1-st","straight","","","flexed","","root","all","fist","","","","back"
"281","4049--стена обшитая вагонкой--стена обшитая вагонкой.eaf","стена","Type 2","all","straight","","pointed","","ulnar","palm","all","straight","","pointed","","palm"
"282","4071--наглость--наглость.eaf","наглость","Type 2","all","straight","","pointed","","palm","palm","all","straight","","pointed","","palm"
"283","4075--бомбить--бомбить.eaf","бомбить","Type 3","1-st","straight","","","flexed","back","radial","1-st/4-th","straight","","","flexed","palm"
"284","4080--кость--кость.eaf","кость","Type 2","1-st/2-nd","curved","","wide","flexed","ulnar","ulnar","1-st/2-nd","curved","","wide","flexed","radial"
"285","4083--премия--премия.eaf","премия","Type 2","all","straight","","pointed","","palm","palm","all","straight","","pointed","","palm"
"286","4093--книгопечатание--книгопечатание.eaf","книги","Type 2","all","straight","","pointed","","back","palm","all","straight","","pointed","","palm"
"287","4111--бухгалтер--бухгалтер.eaf","считать1","Type 3","2-nd","bent","","","straight","","palm","all","straight","","pointed","","palm"
"288","4125--обувь--обувь.eaf","обувь","Type 2","all","curved","","wide","","palm","palm","all","curved","","wide","","back"
"289","4171--боксерская перчатка--боксерская перчатка.eaf","боксерская перчатка","Type 3","all","bent","","pointed","","ulnar","palm","all","fist","","","","tips"
"290","4176--браслет--браслет.eaf","браслет","Type 3","1-st","curved","open","","straight","","palm","all","straight","","pointed","","back"
"291","4186--тушить (мясо)--тушить (мясо).eaf","тушить","Type 3","1-st/2-nd/3-rd","straight","","wide","flexed","","tips","all","straight","","wide","","palm"
"292","4202--хлеб--хлеб.eaf","хлеб","Type 2","all","straight","","pointed","","root","ulnar","all","straight","","pointed","","palm"
"293","4230--давать взятку--давать взятку.eaf","давать взятку","Type 3","all","bent","closed","","","palm","palm","all","straight","","pointed","","palm"
"294","4269--брат--брат.eaf","брат","Type 2","1-st","straight","","","flexed","ulnar","ulnar","1-st","straight","","","flexed","radial"
"295","4273--коричневый--коричневый.eaf","коричневый","Type 2","all","fist","","","","","ulnar","all","fist","","","","radial"
"296","4289--пряжка--пряжка.eaf","пряжка","Type 2","1-st/2-nd","curved","","wide","flexed","","tips","1-st/2-nd","curved","","wide","flexed","tips"
"298","4394--покупать--покупать.eaf","покупать","Type 3","all","bent","closed","","","back","tips","all","straight","","pointed","","palm"
"300","4448--группа операторов.eaf","камера","Type 3","1-st/2-nd/3-rd","straight","","wide","flexed","back","ulnar","all","straight","","pointed","","radial"
"301","4456--территория кемпинга--территория кемпинга.eaf","территория","Type 2","all","straight","","pointed","","radial","palm","all","straight","","pointed","","back"
"302","4520--капот--капот.eaf","капот","Type 3","all","bent","","pointed","","back","palm","all","straight","","pointed","","back"
"303","4542--карты--карты.eaf","карты","Type 2","1-st","curved_around","","","flexed","","ulnar","1-st","curved_around","","","flexed","radial"
"304","4572--морковка--.eaf","морковка","Type 2","1-st","straight","","","flexed","back","ulnar","1-st","straight","","","flexed","radial"
"305","4629--прекращать--прекращать.eaf","прекращать","Type 2","1-st/2-nd","straight","","pointed","flexed","ulnar","palm","1-st/2-nd","straight","","pointed","flexed","tips"
"306","4653--центр--центр.eaf","центр","Type 3","2-nd","bent","","","straight","palm","palm","all","straight","","pointed","","palm"
"307","4734--преследовать--преследовать.eaf","преследовать","Type 2","thumb","straight","","","flexed","tips","tips","thumb","straight","","","flexed","root"
"308","4742--дешёвый--дешёвый.eaf","дешевый","Type 3","1-st","straight","","","flexed","palm","radial","all","straight","","pointed","","palm"
"309","4743--обманывать--обманывать.eaf","обманывать","Type 3","1-st/4-th","straight","","","flexed","palm","palm","all","straight","","pointed","","radial"
"310","4753--сыр--сыр.eaf","сыр","Type 3","1-st","curved","closed","","straight","root","radial","all","straight","","pointed","","palm"
"311","4767--аптекарь--аптекарь.eaf","аптекарь","Type 3","all","fist","","","","back","ulnar","all","straight","","pointed","","palm"
"312","4781--жевать--жевать.eaf","жевать","Type 2","all","fist","","","","","palm","all","fist","","","","palm"
"313","4839--шоколад--шоколад.eaf","шоколад","Type 2","1-st/2-nd","straight","","pointed","flexed","ulnar","palm","1-st/2-nd","straight","","pointed","flexed","back"
"315","488--Любопытный Джордж--MVI_0869.eaf","любопытный","Type 3","1-st","straight","","","flexed","palm","radial","all","straight","","pointed","","palm"
"316","4884--циркулярная пила--циркулярная пила.eaf","циркулярная пила","Type 3","all","straight","","wide","","","palm","1-st","straight","","","flexed","tips"
"317","4925--чистый--чистый.eaf","чистый","Type 2","all","straight","","pointed","","ulnar","palm","all","straight","","pointed","","palm"
"318","4966--часы--часы.eaf","часы","Type 3","1-st","straight","","","flexed","","palm","all","fist","","","","back"
"319","4970--близкий--близкий.eaf","близкий","Type 2","all","bent","","pointed","","palm","palm","all","bent","","pointed","","back"
"320","513--Глухие опережают--MVI_0886.eaf","опережать","Type 2","thumb","straight","","","flexed","tips","palm","thumb","straight","","","flexed","palm"
"321","5165--ездить из дома в пригороде на работу в город--ездить из дома в пригороде на работу в город.eaf","ездить туда и обратно","Type 3","1-st","straight","","","flexed","ulnar","radial","all","straight","","pointed","","palm"
"322","5178--циркуль--циркуль.eaf","циркуль","Type 3","1-st/2-nd","straight","","wide","flexed","","tips","all","straight","","pointed","","palm"
"323","5241--компьютер--компьютер.eaf","компьютер","Type 2","all","straight","open","pointed","","radial","root","all","straight","open","pointed","","back"
"324","5248--компьютерная программа--компьютерная программа.eaf","","Type 2","all","straight","","pointed","","ulnar","ulnar","all","straight","","pointed","","palm"
"325","5248--компьютерная программа--компьютерная программа.eaf","","Type 2","all","straight","","pointed","","ulnar","back","all","straight","","pointed","","palm"
"327","5273--цемент--цемент.eaf","цемент","Type 3","all","fist","","","","","palm","all","straight","","pointed","","palm"
"328","5308--подтверждать--подтверждать.eaf","подтверждать","Type 3","all","fist","","","","ulnar","ulnar","all","straight","","pointed","","palm"
"329","5328--соединять--соединять.eaf","соединить1","Type 2","1-st","curved","","","flexed","palm","palm","1-st","curved","","","flexed","palm"
"330","5329--соединение--соединение.eaf","соединить2","Type 2","1-st","straight","","","flexed","palm","palm","1-st","straight","","","flexed","palm"
"332","5340--консерватор--консерватор.eaf","","Type 2","all","curved","closed","","","tips","tips","all","curved","closed","","","tips"
"333","5354--постоянный--постоянный.eaf","","Type 3","3-rd","curved","closed","","straight","back","palm","all","straight","","pointed","","palm"
"334","5354--постоянный--постоянный.eaf","","Type 2","all","straight","","pointed","","palm","palm","all","straight","","pointed","","palm"
"335","5363--ограничение--ограничение.eaf","ограничение","Type 2","all","straight","","pointed","","tips","tips","all","straight","","pointed","","palm"
"336","5367--строительный кран--строительный кран.eaf","строительный кран","Type 2","1-st","curved","","","flexed","ulnar","root","1-st","curved","","","flexed","back"
"338","5469--вельвет--вельвет.eaf","вельвет","Type 2","all","straight","","pointed","","palm","tips","all","straight","","pointed","","palm"
"339","5473--пробка--пробка.eaf","пробка","Type 3","thumb","bent","","","flexed","tips","tips","all","fist","","","","radial"
"340","5474--штопор--штопор.eaf","штопор","Type 2","all","fist","","","","","radial","all","fist","","","","palm"
"341","5490--исправлять--исправлять.eaf","исправлять","Type 3","1-st/2-nd","bent","closed","","flexed","radial","palm","1-st/2-nd","straight","","pointed","flexed","radial"
"342","5517--хлопчатобумажный--хлопчатобумажный.eaf","хлопок","Type 2","1-st","straight","","","flexed","ulnar","ulnar","1-st","straight","","","flexed","radial"
"343","5532--считать--2.eaf","считать2","Type 3","2-nd","bent","","","straight","tips","tips","all","straight","","pointed","","palm"
"344","5574--трус--трус.eaf","трус","Type 3","1-st/2-nd","curved","","wide","flexed","ulnar","tips","all","straight","","pointed","","palm"
"345","5598--карандаш--карандаш.eaf","карандаш","Type 2","1-st","straight","","","flexed","ulnar","palm","1-st","straight","","","flexed","back"
"346","562--У вас есть страховка на госпитализацию--MVI_0950.eaf","госпитализация","Type 3","1-st/2-nd","straight","","wide","flexed","tips","ulnar","all","straight","","pointed","","palm"
"348","5648--вышитый вязаный крючком--.eaf","вязать крючком","Type 3","1-st","curved","","","flexed","root","tips","all","curved","closed","","","radial"
"349","5664--крест--крест.eaf","крест","Type 2","1-st","straight","","","flexed","ulnar","ulnar","1-st","straight","","","flexed","radial"
"350","5675--перекресток--перекресток.eaf","перекресток","Type 2","1-st","straight","","","flexed","ulnar","ulnar","1-st","straight","","","flexed","radial"
"351","5688--распинать на кресте--распинать на кресте.eaf","","Type 3","1-st","straight","","","flexed","tips","tips","all","straight","","pointed","","palm"
"352","5688--распинать на кресте--распинать на кресте.eaf","","Type 3","all","fist","","","","palm","palm","all","straight","","pointed","","palm"
"353","5726--чашка--чашка.eaf","чашка","Type 3","1-st","curved","open","","flexed","","root","all","straight","","pointed","","palm"
"354","576--Ты любишь смотреть телевизор--MVI_0969.eaf","","Type 3","2-nd","bent","","","straight","palm","palm","all","straight","","pointed","","back"
"355","5802--урон; ущерб--урон; ущерб.eaf","ущерб","Type 2","1-st","curved_around","","","flexed","","radial","1-st","curved_around","","","flexed","radial"
"356","5829--рывок--рывок.eaf","рывок","Type 3","1-st","straight","","","flexed","tips","palm","all","straight","","wide","","radial"
"357","5881--долг--долг.eaf","долг","Type 2","1-st/2-nd","straight","","pointed","flexed","back","palm","1-st/2-nd","straight","","pointed","flexed","back"
"358","5890--обман--.eaf","обман","Type 2","1-st/4-th","straight","","","flexed","ulnar","palm","1-st/4-th","straight","","","flexed","back"
"360","5945--дефицит  недостаток--.eaf","дефицит","Type 3","all","curved","","wide","","palm","tips","all","straight","","pointed","","palm"
"362","6029--порочность, безнравственность--порочность, безнравственность.eaf","порочность","Type 2","all","straight","","pointed","","palm","palm","all","straight","","pointed","","palm"
"363","6031--психологически подавлять--психологически подавлять.eaf","подавлять","Type 3","all","bent","closed","","","ulnar","tips","all","straight","","pointed","","palm"
"364","6036--лишать--лишать.eaf","лишать","Type 2","1-st/2-nd","straight","","pointed","flexed","","ulnar/back","1-st/2-nd","straight","","pointed","flexed","radial"
"365","6050--пустыня--пустыня.eaf","ровный","Type 2","all","straight","","pointed","","ulnar","radial","all","straight","","pointed","","ulnar"
"366","6070--отчаяться--отчаяться.eaf","отчаяться","Type 2","all","straight","","pointed","","palm","palm","all","straight","","pointed","","palm"
"367","6083--разъединять отделять--разъединять отделять.eaf","отделять","Type 2","all","straight","","pointed","","palm/back","ulnar","all","straight","","pointed","","back"
"368","6084--отдельный--отдельный.eaf","отдельный","Type 2","all","straight","","pointed","","back","palm","all","straight","","pointed","","back"
"369","6087--подробный--подробный.eaf","подробный","Type 2","1-st","curved","closed","","straight","back","palm","1-st","curved","closed","","straight","palm"
"370","6094--ухудшаться--ухудшаться.eaf","ухудшаться","Type 2","all","straight","","pointed","","palm","radial","all","straight","","pointed","","palm"
"371","6145--нарезать кубиками--нарезать кубиками.eaf","нарезать3","Type 2","all","straight","","pointed","","ulnar/back","ulnar","all","straight","","pointed","","palm"
"372","616--е-коммерция--MVI_1013.eaf","коммерция","Type2","all","straight","","wide","","","root","all","straight","","pointed","","back"
"373","6210--диплом--диплом.eaf","диплом","Type 3","all","fist","","","","palm","palm","all","straight","","pointed","","palm"
"374","6250--рассоединять--рассоединять.eaf","рассоединять","Type 3","1-st","curved_around","","","flexed","root","tips","all","straight","","pointed","","palm"
"375","6256--обнаруживать--обнаруживать.eaf","обнаруживать","Type 3","2-nd","curved","open","","straight","palm","palm","all","fist","","","","back"
"376","6273--чувствовать отвращение--чувствовать отвращение.eaf","","Type 3","1-st/2-nd","curved","","wide","flexed","tips","tips","all","straight","","pointed","","palm"
"377","6283--мытье посуды--мытье посуды.eaf","мыть посуду","Type 3","all","fist","","","","","palm","all","straight","","pointed","","palm"
"378","6304--оспаривать--оспаривать.eaf","","Type 2","all","fist","","","","radial","palm","all","fist","","","","palm"
"379","6306--неуважение--неуважение.eaf","","Type 2","1-st","straight","","","flexed","ulnar","ulnar","1-st","straight","","","flexed","radial"
"380","6318--выделять--выделять.eaf","","Type 3","1-st","straight","","","flexed","back","tips","all","straight","","pointed","","palm"
"381","6332--беспокоить--беспокоить.eaf","беспокоить1","Type 3","1-st","curved","","","flexed","tips","tips","all","straight","","pointed","","palm"
"382","6332--беспокоить--беспокоить.eaf","беспокоить2","Type 2","1-st/2-nd","straight","","pointed","flexed","ulnar","ulnar","1-st/2-nd","straight","","pointed","flexed","radial"
"383","6342--разделять--2.eaf","","Type 3","all","bent","","pointed","","ulnar","ulnar","all","straight","","pointed","","palm"
"384","6342--разделять--2.eaf","","Type 2","all","straight","","pointed","","ulnar","ulnar","all","straight","","pointed","","palm"
"385","6348--трамплин для прыжков в воду--трамплин для прыжков в воду.eaf","трамплин","Type 2","1-st/2-nd","straight","","pointed","flexed","","palm","1-st/2-nd","straight","","pointed","flexed","back"
"386","6401--доминировать--доминировать.eaf","доминировать","Type 3","thumb","straight","","","flexed","tips","ulnar","all","straight","","pointed","","palm"
"388","6430--двойной клик--двойной клик.eaf","два раза","Type 3","1-st/2-nd","straight","","wide","flexed","ulnar","back","all","fist","","","","back"
"389","6465--рисовать--рисовать.eaf","рисовать","Type 3","1-st/2-nd","straight","","pointed","flexed","root","back","all","straight","","pointed","","palm"
"390","6466--ничья--ничья.eaf","ничья","Type 2","1-st","straight","","","flexed","ulnar","ulnar","1-st","straight","","","flexed","radial"
"391","6515--выбыть, отсеяться--выбыть, отсеяться.eaf","выбывать","Type 3","1-st/2-nd","curved","","wide","flexed","back/palm","palm","all","straight","","pointed","","palm"
"392","6519--засуха--засуха.eaf","засуха","Type 2","all","fist","","","","radial","palm","all","fist","","","","palm"
"393","6520--утонуть--утонуть.eaf","утонуть","Type 3","1-st/2-nd","straight","","wide","flexed","root","back","all","straight","","pointed","","palm"
"394","6588--каждый--каждый.eaf","каждый","Type 2","thumb","straight","","","flexed","ulnar","palm","thumb","straight","","","flexed","palm"
"395","6605--зарабатывать--зарабатывать.eaf","зарабатывать","Type 3","all","curved","","wide","","ulnar","back","all","straight","","pointed","","palm"
"396","6616--восток--восток.eaf","восток","Type 3","1-st","curved","closed","","straight","back","radial","all","straight","","pointed","","ulnar"
"397","6649--обучать--обучать.eaf","обучать","Type 3","1-st/2-nd","bent","closed","","flexed","palm","palm","all","straight","","pointed","","radial"
"398","6720--электричествo--электричествo.eaf","электричество","Type 3","thumb","straight","","","straight","radial","radial","all","straight","","pointed","","palm"
"401","6766--сбежать--сбежать.eaf","сбежать2","Type 2","all","straight","","pointed","","ulnar","palm","all","straight","","pointed","","palm"
"403","6848--гравировать--гравировать.eaf","гравировать","Type 3","thumb","straight","","","flexed","radial","palm","all","straight","","pointed","","palm"
"404","6864--активный--активный.eaf","активный","Type 2","all","straight","","pointed","","back","back","all","straight","","pointed","","palm"
"406","6874--конверт--конверт.eaf","","Type 2","all","straight","","pointed","","","back","all","straight","","pointed","","palm"
"407","6916--ластик--ластик.eaf","ластик","Type 3","1-st/2-nd","bent","closed","","flexed","ulnar","palm","all","straight","","pointed","","palm"
"408","6922--вкладыш с опечатками--вкладыш с опечатками.eaf","вкладывать","Type 3","all","straight","","pointed","","ulnar","back","all","straight","open","pointed","","palm"
"409","6937--основывать--основывать.eaf","основывать","Type 3","thumb","straight","","","flexed","radial/ulnar","ulnar","all","straight","","pointed","","palm"
"410","6946--и т.д.--.eaf","и т.д.","Type 2","all","straight","","wide","","root","tips","all","straight","","wide","","tips"
"411","6975--ровный--MVI_6809.eaf","ровный","Type 2","all","straight","","pointed","","ulnar","radial","all","straight","","pointed","","radial"
"412","6978--вечер--MVI_6812.eaf","вечер","Type 3","all","bent","","pointed","","palm","palm","all","straight","","pointed","","back"
"413","6983--когда-нибудь--MVI_6818.eaf","когда-нибудь","Type 2","all","straight","","pointed","","back","palm","all","straight","","pointed","","back"
"414","6996--вызывать--MVI_6834.eaf","вызывть","Type 2","all","straight","","pointed","","palm","tips","all","straight","","pointed","","palm"
"415","7028--исключать--MVI_6870.eaf","","Type 3","1-st","straight","","","flexed","ulnar","ulnar","all","straight","","pointed","","palm"
"416","7030--исключительный--MVI_6872.eaf","исключительный","Type 2","thumb","straight","","","flexed","tips","radial","thumb","straight","","","flexed","radial"
"417","7043--тетрадка для упражнений--MVI_6892.eaf","тетрадка","Type 3","1-st","straight","","","flexed","palm","ulnar","all","straight","","pointed","","palm"
"418","7058--существовать--MVI_6910.eaf","существовать","Type 2","all","straight","","pointed","","ulnar","ulnar","all","straight","","pointed","","palm"
"419","7092--эксплуатация--MVI_6952.eaf","эксплуатация","Type 3","1-st","curved","closed","","straight","back/ulnar","palm","all","straight","","pointed","","back"
"421","712--тонкопорезанная жареная картошка--MVI_1111.eaf","нарезать1","Type 2","all","straight","","pointed","","ulnar","palm","all","straight","","pointed","","palm"
"422","712--тонкопорезанная жареная картошка--MVI_1111.eaf","жарить","Type 2","all","straight","","pointed","","palm/back","palm/back","all","straight","","pointed","","palm"
"423","7129--грузовой винт--MVI_6996.eaf","","Type 3","1-st","straight","","","flexed","tips","tips","all","straight","","pointed","","palm"
"424","7155--провал--MVI_7029.eaf","провал","Type 3","1-st/2-nd","straight","","pointed","flexed","root","back","all","straight","","pointed","","palm"
"425","7166--падать--MVI_7041.eaf","падать","Type 3","1-st/2-nd","straight","","wide","flexed","back","back","all","straight","","pointed","","palm"
"426","7188--фанат--MVI_7068.eaf","","Type 3","2-nd","bent","","","straight","palm","palm","all","straight","","pointed","","back"
"427","7197--далекий--MVI_7077.eaf","далекий","Type 2","all","bent","","pointed","","back","palm","all","bent","","pointed","","back"
"428","7211--фашизм--MVI_7095.eaf","фашизм","Type 2","1-st","curved","","","flexed","back","back","1-st","curved","","","flexed","back"
"429","7219--быстрый--MVI_9012.eaf","быстрый","Type 2","1-st","straight","","","flexed","ulnar","palm","1-st","straight","","","flexed","back"
"431","7255--кормить--MVI_7150.eaf","кормить","Type 3","1-st","curved_around","","","flexed","tips","tips","all","straight","","pointed","","palm"
"432","7258--чувствовать--MVI_7154.eaf","чувствовать","Type 3","1-st","straight","","","flexed","tips","tips","all","fist","","","","back"
"434","7416--рыбак--MVI_7365.eaf","рыбак","Type 3","1-st","straight","","","flexed","radial/ulnar","ulnar","all","fist","","","","radial"
"435","7485--план, план-чертеж--MVI_7472.eaf","чертеж, план","Type 3","1-st/2-nd","straight","","wide","flexed","","tips","all","straight","","pointed","","palm"
"436","7529--складывать--MVI_7532.eaf","стопка","Type 2","all","straight","","pointed","","back","palm","all","straight","","pointed","","palm"
"437","7530--папка--MVI_7533.eaf","папка","Type 2","all","straight","","pointed","","palm","palm","all","straight","","pointed","","palm"
"438","7551--ступня--MVI_7556.eaf","ступня","Type 2","all","straight","","pointed","","","palm","all","straight","","pointed","","palm"
"439","7553--футбол--MVI_7558.eaf","футбол","Type 3","all","curved","","pointed","","back","back","all","straight","","pointed","","palm"
"440","7562--бесплатно--MVI_7568.eaf","бесплатно","Type 2","all","straight","","pointed","","radial/ulnar","palm","all","straight","","pointed","","palm"
"441","7565--запрещать--MVI_7573.eaf","запрещать","Type 3","1-st","straight","","","flexed","ulnar","ulnar","all","fist","","","","back"
"442","7586--вилка--MVI_7599.eaf","вилка","Type 3","1-st/2-nd/3-rd","straight","","wide","flexed","tips","tips","all","straight","","pointed","","palm"
"443","7661--рисунок от руки--MVI_7694.eaf","рисунок","Type 3","1-st","curved","closed","","straight","root","palm","all","straight","","pointed","","palm"
"444","7673--частый--MVI_7714.eaf","частый","Type 2","all","straight","","pointed","","ulnar/back","radial","all","straight","","pointed","","palm"
"445","7702--перед--MVI_7751.eaf","перед","Type 2","all","bent","","pointed","","palm","back","all","bent","","pointed","","palm"
"447","7786--чеснок--MVI_7857.eaf","чеснок","Type 3","1-st/2-nd","bent","closed","","flexed","ulnar","palm","all","straight","","pointed","","radial"
"448","7790--гарото--MVI_7863.eaf","добавить2","Type 3","1-st","curved","closed","","flexed","palm","palm","all","curved","closed","","","radial"
"449","7941--перчатка--MVI_8053.eaf","перчатка","Type 3","1-st","straight","","","flexed","ulnar/back","ulnar","all","straight","","wide","","tips"
"450","7950--входить--MVI_8067.eaf","входить","Type 2","all","straight","","pointed","","tips","ulnar","all","straight","","pointed","","back"
"452","7955--гол--MVI_8075.eaf","гол","Type 2","1-st","straight","","","flexed","tips","tips","1-st","straight","","","flexed","radial"
"453","7964--черт возьми--MVI_8085.eaf","","Type 3","all","bent","","pointed","","back","back","all","straight","","pointed","","palm"
"454","8009--длинное платье, халат--MVI_8142.eaf","длинный","Type 2","1-st","straight","","","flexed","ulnar","tips","1-st","straight","","","flexed","tips"
"455","8023--постепенный--MVI_8162.eaf","постепенный","Type 3","all","bent","","pointed","","back","ulnar","all","straight","","pointed","","back"
"457","8062--натирать на терке--MVI_8207.eaf","натирать, терка","Type 3","all","fist","","","","ulnar","palm","all","straight","","pointed","","palm"
"459","8201--половина--MVI_8410.eaf","половина","Type 2","1-st","straight","","","flexed","root","ulnar","1-st","straight","","","flexed","radial"
"460","8284--вред--MVI_8514.eaf","вред","Type 2","1-st/2-nd","straight","","pointed","flexed","back","ulnar","1-st/2-nd","straight","","pointed","flexed","radial"
"461","8297--штриховать--MVI_8531.eaf","штриховать","Type 2","all","straight","","pointed","","","tips","all","straight","","pointed","","palm"
"462","8341--справка о состоянии здоровья--MVI_8586.eaf","","Type 3","1-st/2-nd","straight","","pointed","flexed","","tips","all","straight","","pointed","","palm"
"464","8394--вертолет--MVI_8691.eaf","вертолет","Type 3","all","straight","","wide","","tips","palm","thumb","straight","","","flexed","tips"
"465","8424--селёдка--MVI_8728.eaf","селедка","Type2","1-st","curved","closed","","straight","ulnar","palm","1-st","curved","closed","","flexed","radial"
"466","8436--прятать--MVI_8745.eaf","прятать","Type 3","all","bent","closed","","","palm","palm","all","straight","","pointed","","palm"
"467","8488--хоккей--MVI_8815.eaf","хоккей","Type 3","1-st","curved","","","flexed","ulnar/radial","back","all","straight","","pointed","","palm"
"468","8577--госпитализация--MVI_8921.eaf","госпитализация","Type 3","1-st/2-nd","straight","","wide","flexed","tips","back","all","straight","","pointed","","palm"
"469","8620--унижение--MVI_8975.eaf","унижение","Type 3","all","straight","","pointed","","palm","palm","thumb","straight","","","flexed","tips"
"470","8668--планшет--MVI_9184 - копия.eaf","планшет","Type 3","2-nd","bent","","","straight","","palm","all","straight","","pointed","","palm"
"471","8679--скребок--MVI_9199.eaf","скребок","Type 3","all","bent","","pointed","","palm","tips","all","straight","","pointed","","palm"
"472","8714--пиратский обмен файлами--MVI_9241.eaf","","Type 3","1-st/2-nd","straight","","pointed","flexed","root","radial","all","straight","","pointed","","palm"
"473","8717--безграмотный--MVI_9244.eaf","безграмотный","Type 3","2-nd","bent","","","straight","","palm","all","straight","","pointed","","palm"
"474","8718--болезнь--MVI_9245.eaf","болезнь","Type 3","1-st","curved","closed","","straight","palm","palm","all","straight","","pointed","","back"
"475","8748--выполнять--MVI_9288.eaf","выполнить","Type 2","all","straight","","pointed","","tips","palm","all","straight","","pointed","","radial"
"476","8797--стимул, мотивация--MVI_9354.eaf","стимул","Type 3","thumb","straight","","","flexed","radial","ulnar","all","straight","","pointed","","palm"
"477","8826--указывать--MVI_9396.eaf","указывать","Type 3","1-st","straight","","","flexed","tips","tips","all","straight","","pointed","","palm"
"478","8829--безразличие--MVI_9400.eaf","безразличие","Type 2","all","curved","","wide","","ulnar","tips","all","curved","","wide","","tips"
"480","8879--проникать--MVI_9481.eaf","","Type 3","1-st","straight","","","flexed","tips","radial","all","straight","","pointed","","palm"
"481","888--Как туда попасть--MVI_1332.eaf","попасть","Type 3","1-st","straight","","","flexed","tips","tips","all","straight","","pointed","","palm"
"482","8921--чернильница--MVI_9541.eaf","","Type 3","1-st","curved","","","flexed","palm","palm","all","curved","open","pointed","","radial"
"483","893--Насколько это далеко--MVI_1338.eaf","примерно","Type 2","all","straight","","pointed","","back","back","all","straight","","pointed","","palm"
"484","8943--настаивать--MVI_9570.eaf","настаивать","Type 3","1-st","straight","","","flexed","tips","tips","all","straight","","pointed","","palm"
"485","8944--проверять--MVI_9571.eaf","проверять","Type 2","1-st","curved_around","","","flexed","palm","radial","1-st","curved_around","","","flexed","radial"
"486","8972--неопределенный, неуловимый--MVI_9613.eaf","","Type 2","all","straight","","pointed","","","back/palm","all","straight","","pointed","","back"
"487","898--Поезд здесь долго стоит--MVI_1344.eaf","долго","Type 3","all","straight","","pointed","","palm","tips","all","fist","","","","back"
"488","9001--вмешиваться--MVI_9660.eaf","","Type 3","1-st","straight","","","flexed","tips","radial","all","straight","","pointed","","palm"
"489","9041--знакомить--MVI_9715.eaf","знакомить","Type 2","all","curved","","pointed","","palm","palm","all","curved","","pointed","","palm"
"490","9047--неизменяемый--MVI_9721.eaf","","Type 3","3-rd","curved","closed","","straight","palm","palm","all","straight","","pointed","","palm"
"491","9059--инвестиция ; вложение--MVI_9736.eaf","вложение","Type 2","all","straight","","pointed","","tips","palm","all","straight","","pointed","","palm"
"492","9073--утюг--MVI_9756.eaf","утюг","Type 3","thumb/4-th","straight","","","flexed","radial/ulnar","tips","all","straight","","pointed","","palm"
"493","9092--это(т) (та)--MVI_9779.eaf","это","Type 2","1-st","straight","","","flexed","palm","back/palm","1-st","straight","","","flexed","back"
"494","9103--банка--MVI_9793.eaf","банка","Type 3","all","straight","open","pointed","","palm","palm","all","straight","","pointed","","palm"
"495","9105--увесилительная прогулка--MVI_9796.eaf","прогулка","Type 2","all","straight","","pointed","","palm/back","ulnar","all","straight","","pointed","","back"
"496","911--Сколько стоит книга--MVI_1358.eaf","книга","Type 2","all","straight","","pointed","","","ulnar","all","straight","","pointed","","palm"
"497","9133--безработный--MVI_9830.eaf","безработный","Type 3","thumb","straight","","","flexed","","radial","all","straight","","pointed","","palm"
"499","9215--убить--MVI_9958.eaf","убить","Type 3","all","fist","","","","palm","radial","all","straight","","pointed","","palm"
"500","9224--добрый--MVI_9971.eaf","добрый","Type 3","all","bent","","pointed","","radial","palm","all","fist","","","","back"
"501","9234--поцелуй--MVI_9983.eaf","","Type 2","1-st/2-nd","straight","","pointed","flexed","palm","palm","1-st/2-nd","straight","","pointed","flexed","palm"
"503","9251--нож--MVI_0013.eaf","нож","Type 2","1-st/2-nd","straight","","pointed","flexed","tips","ulnar","1-st/2-nd","straight","","pointed","flexed","radial"
"504","9281--недостаток, нехватка--недостаток, нехватка.eaf","недостаток","Type 3","all","curved","","wide","","root","palm","all","straight","","pointed","","palm"
"505","9316--продолжаться--продолжаться.eaf","продолжаться","Type 2","all","straight","","pointed","","palm/root","palm","all","straight","","pointed","","palm"
"506","9319--поздно--поздно.eaf","поздно","Type 3","all","bent","","pointed","","back","ulnar","all","straight","","pointed","","back"
"507","9321--токарный станок--токарный станок.eaf","станок","Type 3","1-st","curved","","","flexed","ulnar","back","1-st","straight","","","flexed","radial"
"509","9375--недоговорить, оставить недосказанным--недоговорить, оставить недосказанным.eaf","прерывать","Type 2","1-st/2-nd","straight","","pointed","flexed","","ulnar","1-st/2-nd","straight","","pointed","flexed","radial"
"510","9403--длина--длина.eaf","длина","Type 2","1-st","straight","","","flexed","back","palm","1-st","straight","","","flexed","palm"
"511","9438--лицензирование--лицензирование.eaf","лицензирование","Type 3","1-st/2-nd","straight","","pointed","flexed","","palm/tips","all","straight","","pointed","","palm"
"512","9441--лежать--лежать.eaf","лежать","Type 2","all","straight","","pointed","","palm","palm","all","straight","","pointed","","palm"
"513","952--Я подаю заявку на оформление кредитной карты.--MVI_1395.eaf","кредитная.карта","Type 3","all","bent","closed","","","ulnar","palm","all","straight","","pointed","","ulnar"
"514","9520--маленький--маленький.eaf","маленький","Type 2","all","bent","","pointed","","palm","palm","all","bent","","pointed","","palm"
"515","9546--запирать--запирать.eaf","запирать","Type 3","1-st","curved_around","","","flexed","palm","tips","all","straight","","pointed","","palm"
"516","9579--потерять--.eaf","потерять","Type 2","1-st/2-nd","straight","","pointed","flexed","ulnar","palm","1-st/2-nd","straight","","pointed","flexed","radial"
"518","9592--любовник--любовник.eaf","любовник","Type 2","thumb/4-th","straight","","","flexed","palm","palm","thumb/4-th","straight","","","flexed","palm"
"519","9629--шитье на машинке--шитье на машинке.eaf","шить на машинке","Type 3","all","straight","","wide","flexed","radial","tips","all","straight","","wide","","palm"
"520","9634--журнал--журнал.eaf","журнал","Type 3","1-st","straight","","","flexed","palm","ulnar","all","straight","","pointed","","palm"
"521","9661--основной--основной.eaf","основной","Type 3","thumb","straight","","","flexed","ulnar","ulnar","all","straight","","pointed","","palm"
"522","9714--мандарин--мандарин.eaf","мандарин","Type 3","all","curved","open","pointed","","","radial/palm","all","curved","open","wide","","back"
"524","9758--маркер--MVI_0765.eaf","маркер","Type 3","1-st/2-nd","straight","","pointed","flexed","back","tips","all","straight","","pointed","","palm"
"525","9770--жениться--MVI_0782.eaf","жениться","Type 3","1-st","curved","closed","","straight","radial","palm","all","straight","","pointed","","back"
"526","9782--пюре--MVI_0796.eaf","пюре","Type 3","all","fist","","","","ulnar/root","ulnar","all","straight","","pointed","","palm"
"527","9839--измерять--MVI_0873.eaf","измерять","Type 2","1-st","curved","closed","","straight","ulnar","radial","1-st","curved","closed","","straight","radial"
"528","9844--измерительный прибор--MVI_0880.eaf","измерительный прибор2","Type 3","1-st","straight","","","flexed","","radial","all","curved","open","pointed","","radial"
"529","9848--рулетка для измерения--MVI_0885.eaf","рулетка","Type 3","1-st","curved_around","","","flexed","root","tips","all","curved","open","pointed","","palm"
"530","991--Я плохо знаю твой жестовый язык--MVI_1425.eaf","жестовый.язык","Type 2","all","straight","","wide","","","palm","all","straight","","wide","","palm"
"532","9939--металл--MVI_1009.eaf","металл","Type 2","1-st/2-nd","straight","","pointed","flexed","ulnar","ulnar","1-st/2-nd","straight","","pointed","flexed","radial"
"4","10062--модель--MVI_1212.eaf","копировать","Type 3","all","straight/bent","open-closed","pointed","","back","palm","all","straight","","pointed","","palm"
"7","10129--комар--MVI_1311.eaf","комар","Type 3","1-st","curved","open-closed","","flexed","tips","tips","all","straight","","pointed","","back"
"18","10506--занятый--MVI_1802.eaf","","Type 3","all","straight/fist","","wide","","palm","palm","all","straight","","pointed","","palm"
"20","10568--всезнающий--MVI_1897.eaf","в совершенстве","Type 3","all","fist/straight","","wide","","radial","palm","all","fist","","","","radial"
"22","10579--лук--MVI_1917.eaf","лук","Type 3","1-st","curved","open-closed","","straight","back","palm","all","curved","open","wide","","palm"
"24","10630--апельсин--MVI_1980.eaf","апельсин","Type 3","all","curved","open-closed","pointed","","radial","palm","all","curved","closed","","","back"
"25","10643--заказывать--MVI_1995.eaf","заказывать","Type 3","1-st","curved/straight","closed-open","","flexed","palm","root","all","straight","","pointed","","radial"
"34","10737--мультимедийный проектор--MVI_2116.eaf","проектор","Type 3","1-st/2-nd/3-rd","curved/straight","closed-open","wide","flexed","","ulnar","all","straight","","pointed","","radial"
"36","10755--собственный--MVI_2138.eaf","собственный","Type 3","all","straight/bent","open-closed","wide","","back","back","all","straight","","pointed","","palm"
"40","10803--кисть--MVI_2211.eaf","кисть","Type 3","1-st/2-nd","straight/bent","","pointed","flexed","","tips","all","straight","","pointed","","palm"
"43","10975--платить--MVI_2449.eaf","платить","Type 3","all","straight/bent","open-closed","pointed","","back","back","all","straight","","pointed","","palm"
"50","11048--пенсия--MVI_2544.eaf","пенсия","Type 3","1-st","straight/bent","open-closed","","flexed","","radial","all","straight","","pointed","","palm"
"55","11191--собирать--собирать.eaf","собирать","Type 3","all","straight/fist","","wide","","palm","ulnar","all","straight","","pointed","","palm"
"56","11236--шишка--шишка.eaf","шишка","Type2","all","curved","open-closed","wide","","root","tips","all","curved","open","wide","","tips"
"57","11291--пластырь--пластырь.eaf","пластырь","Type 3","1-st/2-nd","bent/straight","","pointed","flexed","tips/palm","tips/palm","all","straight","","pointed","","back"
"60","11374--милиция--милиция.eaf","милиция","Type 3","1-st/2-nd","straight/bent","","pointed","flexed","","tips","all","fist","","","","back"
"64","11581--сохранять--сохранять.eaf","сохранять","Type 3","all","curved/fist","","pointed","","palm","ulnar","all","straight","","pointed","","palm"
"70","11649--личная информация, личное пространство--личная информация, личное пространство.eaf","","Type 3","all","curved","closed-open","wide","","palm","back","all","straight","","pointed","","palm"
"77","11841--пульс--MVI_3639.eaf","пульс","Type 3","2-nd","straight/bent","open-closed","","straight","","palm","all","straight","","pointed","","palm"
"108","12644--бутерброд--MVI_4791.eaf","бутерброд","Type 3","all","curved/straight","","pointed","","palm","palm","all","straight","","pointed","","palm"
"111","12756--ругать--MVI_4962.eaf","ругать","Type 3","all","straight/curved","open","wide","","palm","root","all","straight","","pointed","","back"
"117","12909--посылать--MVI_5194.eaf","посылать","Type 3","1-st","bent/straight","closed-open","","flexed","tips","palm","all","straight","","pointed","","back"
"121","12944--обслуживать--MVI_5251.eaf","обслуживать","Type 3","all","curved/straight","","pointed","","back","ulnar","all","straight","","pointed","","palm"
"151","13617--сшиватель; стаплер--MVI_6252.eaf","сшиватель, степлер","Type 3","1-st","straight/curved","","","flexed","palm","tips","all","straight","","pointed","","palm"
"153","13662--красть--MVI_6317.eaf","красть","Type 3","all","straight/fist","","wide","","root","ulnar","all","straight","","pointed","","palm"
"159","13852--успех--MVI_6595.eaf","успех","Type 3","all","curved/fist","open-closed","wide","","ulnar","palm/back","all","straight","","pointed","","palm"
"190","14593--новообразование--MVI_7837.eaf","опухоль","Type 3","all","curved/straight","closed-open","wide","","back","palm","all","straight","","pointed","","palm"
"195","14651--зонтик--MVI_7935.eaf","зонт","Type 3","all","fist/straight","","wide","","","palm","all","fist","","","","radial"
"202","14778--ценный--MVI_8169.eaf","ценный","Type 3","all","bent/straight","closed-open","pointed","","back/palm","back","all","straight","","pointed","","palm"
"204","14932--голосовать--MVI_8439.eaf","голосовать","Type 3","all","bent","open-closed","wide","","tips/root","back","all","straight","","pointed","","palm"
"212","15185--внутри--MVI_8896.eaf","внутри","Type 3","all","bent","open-closed","pointed","","tips","back","all","straight","","pointed","","palm"
"213","15186--без--MVI_8897.eaf","без1","Type 3","all","straight/bent","","pointed","","palm","tips","all","straight","","pointed","","palm"
"231","2148--писательский фонд Швеции--MVI_0419_converted_3g2_Output_119.eaf","фонд","Type 3","all","bent","closed-open","pointed","","","palm","all","straight","","pointed","","back"
"242","2610--гнойник; нарыв--MVI_1050_3g2_Output_570.eaf","нарыв","Type 3","all","fist/curved","closed-open","wide","","back","palm","all","straight","","pointed","","back"
"256","3268--возникать--возникать.eaf","возникать","Type 3","1-st","curved/straight","closed-open","","flexed","","palm","all","straight","","pointed","","ulnar"
"266","3665--штрих-код--штрих-код.eaf","фотография?","Type 3","all","straight/curved","open","wide","","back","palm","all","straight","","pointed","","palm"
"271","3744--зарядное устройство--зарядное устройство.eaf","накапливаться1?","Type 3","1-st","bent/straight","closed-open","","flexed","","palm","all","straight","","pointed","","palm"
"275","3988--блендер--блендер.eaf","","Type 3","all","curved/fist","open-closed","pointed","","","ulnar","all","curved","open","pointed","","radial"
"279","4018--анализ крови--анализ крови.eaf","брать кровь из пальца","Type 3","1-st/2-nd","bent/straight","closed-open","wide","flexed","palm","back","3-rd","bent","","","straight","palm"
"280","404--Центральная Америка--MVI_0782b.eaf","центральный","Type 3","all","fist/straight","","pointed","","ulnar","ulnar","all","straight","","pointed","","palm"
"297","4387--масло--масло.eaf","масло1","Type 3","all","straight/bent","","pointed","","root","palm/back","all","straight","","pointed","","palm"
"299","4421--торт, кекс--торт, кекс.eaf","торт","Type 3","all","straight/bent","open-closed","wide","","","palm","all","straight","","pointed","","palm"
"314","4847--выбирать--выбирать.eaf","выбирать","Type 3","1-st","curved","open-closed","","straight","back","radial","all","straight","","pointed","","palm"
"326","5248--компьютерная программа--компьютерная программа.eaf","внутри","Type 3","all","straight/bent","open-closed","wide","","palm","radial","all","straight","","pointed","","palm"
"331","5339--сохранение--сохранение.eaf","сохранять","Type 3","all","curved/fist","open-closed","pointed","","root","ulnar","all","straight","","pointed","","palm"
"337","5462--копировать--копировать.eaf","копировать","Type 3","1-st/2-nd","straight/bent","open-closed","pointed","flexed","root","palm","all","straight","","pointed","","palm"
"347","5620--ползанье--ползанье.eaf","ползать","Type 3","1-st","straight/curved","","","flexed","tips","palm","all","straight","","pointed","","back"
"359","5918--приказать--приказать.eaf","приказать","Type 3","all","fist/straight","","pointed","","palm","root","all","fist","","","","back"
"361","6013--отвергать, отказывать--отвергать, отказывать.eaf","отвергать","Type 3","all","bent/straight","","pointed","","tips","tips/palm","all","straight","","pointed","","palm"
"387","6411--дверь--дверь.eaf","дверь","Type2","all","straight/bent","","pointed","","","tips","all","straight","","pointed","","tips"
"399","6759--уничтожать--уничтожать.eaf","уничтожать","Type 3","all","straight/fist","","wide","","tips","palm","all","straight","","pointed","","palm"
"400","6766--сбежать--сбежать.eaf","сбежать1","Type 3","1-st/2-nd","curved/straight","closed-open","wide","flexed","","back","all","straight","","pointed","","palm"
"402","6813--водоэмульсионная краска--водоэмульсионная краска.eaf","краска","Type 3","all","straight/bent","","pointed","","palm/back","tips","all","straight","","pointed","","palm"
"405","6866--полностью--полностью.eaf","полностью","Type 3","3-rd","bent/straight","","","straight","palm","palm","all","straight","","pointed","","back"
"420","7108--расширение--MVI_6974.eaf","расширение","Type2","1-st","bent/straight","closed-open","","flexed","ulnar","radial","1-st","bent","closed","","flexed","radial"
"430","7241--льстить, подхалимничать--MVI_7132.eaf","льстить","Type 3","all","bent/straight","","pointed","","","tips","all","straight","","pointed","","palm"
"433","7376--кончики пальцев--MVI_7307.eaf","","Type 3","1-st","bent","open-closed","","flexed","radial","palm","1-st","straight","","","flexed","tips"
"446","7743--мех--MVI_7800.eaf","мех","Type 3","all","straight/bent","open-closed","wide","","back","palm","all","straight","","pointed","","back"
"451","7951--выходить--MVI_8068.eaf","выходить","Type 3","all","bent/straight","","pointed","","tips","back","all","straight","","pointed","","palm"
"456","8046--виноград--MVI_8188.eaf","виноград","Type 3","all","curved","open-closed","wide","","back","palm","all","curved","open","wide","","palm"
"458","8115--земля почва--MVI_8282.eaf","земля","Type 3","all","bent","open-closed","wide","","back","palm","4-th","straight","","","flexed","tips"
"463","8384--ежик--MVI_8679.eaf","еж","Type 3","all","curved/straight","closed-open","wide","","radial","root","all","curved","closed","","","back"
"479","8850--индуктивность, самоиндукция--MVI_9431.eaf","накапливаться2","Type 3","all","bent/straight","closed-open","pointed","","","palm","all","straight","","pointed","","palm"
"498","9165--прыжки--MVI_9875 - копия.eaf","прыжки","Type 3","1-st/2-nd","straight/curved","","wide","flexed","root/tips","tips","all","straight","","pointed","","palm"
"502","9247--стоять на коленях--MVI_0007.eaf","встать на колени","Type 3","1-st/2-nd","straight/curved","","wide","flexed","","tips","all","straight","","pointed","","palm"
"508","9353--лист растения--лист растения.eaf","kbcn","Type2","1-st","curved","closed-open/closed","","flexed","back","palm","1-st","curved","closed","","flexed","palm"
"517","9586--лотерея--лотерея.eaf","лотерея","Type 3","all","bent","open-closed","wide","","back","radial","all","straight","","pointed","","palm"
"523","9720--маникюр--маникюр.eaf","маникюр","Type 3","1-st","straight/bent","","","flexed","","palm","all","straight","","pointed","","back"
"531","993--У меня бензин кончился--MVI_1428.eaf","кончиться","Type 3","1-st","straight/bent","open-closed","","flexed","","palm","all","straight","","pointed","","palm"
